[1,["d0MqyYBeFAkIi762QNy1/B@b47c0","6fAc9/gb9Kfr1dCvwZaWSA@b47c0"],["node","_cameraComponent","scene","_parent","_envmapHDR","_envmapLDR"],["cc.ImageAsset","cc.TextureCube",["cc.Node",["_name","_layer","_id","_components","_children","_lpos","_parent"],0,9,2,5,1],["cc.SceneAsset",["_name"],2],["cc.Node",["_name","_layer","_parent","_components"],1,1,12],["cc.Node",["_name","_parent","_components","_lpos"],2,1,2,5],["cc.UITransform",["node","_contentSize"],3,1,5],["cc.Canvas",["node","_cameraComponent"],3,1,1],["cc.Widget",["_alignFlags","_alignMode","node"],1,1],["cc.Scene",["_name","_children","_globals"],2,2,4],["cc.SceneGlobals",["ambient","shadows","_skybox","fog","octree","lightProbeInfo"],3,4,4,4,4,4,4],["cc.AmbientInfo",["_skyIllumLDR","_skyColorHDR","_skyColorLDR","_groundAlbedoLDR"],2,5,5,5],["cc.ShadowsInfo",["_shadowColor"],3,5],["cc.SkyboxInfo",["_enabled","_envmapHDR","_envmapLDR"],2,6,6],["cc.FogInfo",[],3],["cc.OctreeInfo",[],3],["cc.LightProbeInfo",[],3],["cc.Camera",["_projection","_priority","_orthoHeight","_far","_clearFlags","_visibility","node","_color"],-3,1,5],["cc.Label",["_actualFontSize","_fontSize","node"],1,1],["369d7tu4bVDR721HhTbFlD/",["node","lbFc"],3,1,1]],[[6,0,1,1],[3,0,2],[2,0,1,2,4,3,5,4],[2,0,1,6,3,3],[4,0,1,2,3,3],[5,0,1,2,3,2],[7,0,1,1],[8,0,1,2,3],[9,0,1,2,2],[10,0,1,2,3,4,5,1],[11,0,1,2,3,2],[12,0,1],[13,0,1,2,2],[14,1],[15,1],[16,1],[17,0,1,2,3,4,5,6,7,7],[18,0,1,2,3],[19,0,1,1]],[[[{"base":"2,2,0,0,2,0","rgbe":false,"mipmaps":[{"front":"6fAc9/gb9Kfr1dCvwZaWSA@b47c0@e9a6d","back":"6fAc9/gb9Kfr1dCvwZaWSA@b47c0@40c10","left":"6fAc9/gb9Kfr1dCvwZaWSA@b47c0@8fd34","right":"6fAc9/gb9Kfr1dCvwZaWSA@b47c0@74afd","top":"6fAc9/gb9Kfr1dCvwZaWSA@b47c0@bb97f","bottom":"6fAc9/gb9Kfr1dCvwZaWSA@b47c0@7d38f"}]}],[1],0,[],[],[]],[[{"fmt":"0","w":0,"h":0},-1],[0],0,[],[],[]],[[{"fmt":"0","w":0,"h":0},-1],[0],0,[],[],[]],[[{"fmt":"0","w":0,"h":0},-1],[0],0,[],[],[]],[[{"fmt":"0","w":0,"h":0},-1],[0],0,[],[],[]],[[{"fmt":"0","w":0,"h":0},-1],[0],0,[],[],[]],[[{"fmt":"0","w":0,"h":0},-1],[0],0,[],[],[]],[[{"base":"2,2,0,0,2,0","rgbe":true,"mipmaps":[{"front":"d0MqyYBeFAkIi762QNy1/B@b47c0@e9a6d","back":"d0MqyYBeFAkIi762QNy1/B@b47c0@40c10","left":"d0MqyYBeFAkIi762QNy1/B@b47c0@8fd34","right":"d0MqyYBeFAkIi762QNy1/B@b47c0@74afd","top":"d0MqyYBeFAkIi762QNy1/B@b47c0@bb97f","bottom":"d0MqyYBeFAkIi762QNy1/B@b47c0@7d38f"}]}],[1],0,[],[],[]],[[{"fmt":"0","w":0,"h":0},-1],[0],0,[],[],[]],[[{"fmt":"0","w":0,"h":0},-1],[0],0,[],[],[]],[[{"fmt":"0","w":0,"h":0},-1],[0],0,[],[],[]],[[{"fmt":"0","w":0,"h":0},-1],[0],0,[],[],[]],[[{"fmt":"0","w":0,"h":0},-1],[0],0,[],[],[]],[[{"fmt":"0","w":0,"h":0},-1],[0],0,[],[],[]],[[[1,"feat"],[2,"Canvas",33554432,"63XiPX1f9BxIu7UF8aJm46",[-5,-6,-7],[[0,-1,[5,960,640]],[6,-3,-2],[7,45,1,-4]],[1,480,320,0]],[4,"Label",33554432,1,[[[0,-8,[5,42.26,50.4]],-9],4,1]],[8,"feat",[1],[9,[10,0.8,[2,0.2,0.5,0.8,0.520833125],[2,0.452588,0.607642,0.755699,0],[2,0.618555,0.577848,0.544564,0]],[11,[4,4283190348]],[12,true,0,1],[13],[14],[15]]],[5,"Camera",1,[-10],[1,0,0,1000]],[16,0,1073741824,348.02660753880264,2000,6,41943040,4,[4,4278190080]],[17,20,20,2],[3,"vls",33554432,1,[[18,-11,6]]]],0,[0,0,1,0,1,5,0,0,1,0,0,1,0,-1,4,0,-2,2,0,-3,7,0,0,2,0,-2,6,0,-1,5,0,0,7,0,2,3,1,3,3,11],[0,0],[4,5],[0,1]]]]
