{"importBase":"import","nativeBase":"native","name":"main","deps":["internal"],"uuids":["04c2d8d03","0a6a6b986","0ab857586","baIUdvKGZPgZxNbjWTFuRI","dcMA+y9F9JQJD6lbcSjUpA","20g1ukYUVPvKWKBRznAKo+","20g1ukYUVPvKWKBRznAKo+@6c48a","20g1ukYUVPvKWKBRznAKo+@f9941","54TknWPwVPqJqeCR+Y/Czo","54TknWPwVPqJqeCR+Y/Czo@6c48a","54TknWPwVPqJqeCR+Y/Czo@f9941","6fAc9/gb9Kfr1dCvwZaWSA@b47c0","6fAc9/gb9Kfr1dCvwZaWSA@b47c0@40c10","6fAc9/gb9Kfr1dCvwZaWSA@b47c0@74afd","6fAc9/gb9Kfr1dCvwZaWSA@b47c0@7d38f","6fAc9/gb9Kfr1dCvwZaWSA@b47c0@8fd34","6fAc9/gb9Kfr1dCvwZaWSA@b47c0@bb97f","6fAc9/gb9Kfr1dCvwZaWSA@b47c0@e9a6d","95EkngnxZFbYuFpsqVTaFr","95EkngnxZFbYuFpsqVTaFr@6c48a","95EkngnxZFbYuFpsqVTaFr@f9941","d0MqyYBeFAkIi762QNy1/B@b47c0","d0MqyYBeFAkIi762QNy1/B@b47c0@40c10","d0MqyYBeFAkIi762QNy1/B@b47c0@74afd","d0MqyYBeFAkIi762QNy1/B@b47c0@7d38f","d0MqyYBeFAkIi762QNy1/B@b47c0@8fd34","d0MqyYBeFAkIi762QNy1/B@b47c0@bb97f","d0MqyYBeFAkIi762QNy1/B@b47c0@e9a6d","fdjsU2o1RKF5x0TziDw3jI"],"paths":{"3":["db:/internal/physics/default-physics-material",1],"28":["db:/internal/default_renderpipeline/builtin-forward",0]},"scenes":{"db://assets/StartScene.scene":4},"packs":{"04c2d8d03":["8","5","18"],"0a6a6b986":["9","6","19"],"0ab857586":["7","10","11","12","13","14","15","16","17","20","21","22","23","24","25","26","27","4"]},"versions":{"import":[],"native":[]},"redirect":[3,"0"],"debug":false,"extensionMap":{},"hasPreloadScript":true,"types":["cc.RenderPipeline","cc.PhysicsMaterial"]}