[{"__type__":"cc.SceneAsset","_name":"nativeTest","scene":{"__id__":1},"asyncLoadAssets":null},{"__type__":"cc.Scene","_name":"New Node","_children":[{"__id__":2}],"_anchorPoint":{"__type__":"cc.Vec2"},"autoReleaseAssets":false},{"__type__":"cc.Node","_name":"Canvas","_parent":{"__id__":1},"_children":[{"__id__":3},{"__id__":4},{"__id__":5},{"__id__":7},{"__id__":14},{"__id__":51}],"_level":1,"_components":[{"__type__":"cc.Canvas","node":{"__id__":2},"_designResolution":{"__type__":"cc.Size","width":1560,"height":720},"_fitWidth":true}],"_contentSize":{"__type__":"cc.Size","width":1560,"height":720},"_position":{"__type__":"cc.Vec3","x":780,"y":360},"_id":"55SLlXmw5Bu4dvdT4dWk9q"},{"__type__":"cc.Node","_name":"Main Camera","_parent":{"__id__":2},"_level":2,"_components":[{"__type__":"cc.Camera","node":{"__id__":3},"_clearFlags":7,"_depth":-1}],"_position":{"__type__":"cc.Vec3","z":338.61593287971556}},{"__type__":"cc.Node","_name":"New Sprite","_parent":{"__id__":2},"_level":2,"_components":[{"__type__":"cc.Sprite","node":{"__id__":4},"_materials":[{"__uuid__":"ecpdLyjvZBwrvm+cedCcQy"}],"_spriteFrame":{"__uuid__":"a2MjXRFdtLlYQ5ouAFv/+R"},"_sizeMode":0},{"__type__":"cc.Widget","node":{"__id__":4},"alignMode":2,"_target":{"__id__":2},"_alignFlags":45,"_originalWidth":40,"_originalHeight":36}],"_color":{"__type__":"cc.Color","r":7,"g":94,"b":143},"_contentSize":{"__type__":"cc.Size","width":1560,"height":720}},{"__type__":"cc.Node","_name":"New Label","_parent":{"__id__":2},"_level":2,"_components":[{"__id__":6},{"__type__":"cc.Widget","node":{"__id__":5},"alignMode":2,"_alignFlags":44,"_bottom":13.891999999999996,"_verticalCenter":255,"_horizontalCenter":-95,"_originalWidth":150},{"__type__":"cc.LabelOutline","node":{"__id__":5},"_color":{"__type__":"cc.Color"}}],"_contentSize":{"__type__":"cc.Size","width":1560,"height":42},"_anchorPoint":{"__type__":"cc.Vec2","x":0.5},"_position":{"__type__":"cc.Vec3","y":-346.108}},{"__type__":"cc.Label","node":{"__id__":5},"_materials":[{"__uuid__":"ecpdLyjvZBwrvm+cedCcQy"}],"_useOriginalSize":false,"_fontSize":28,"_N$horizontalAlign":1,"_N$overflow":3,"_N$cacheMode":2},{"__type__":"cc.Node","_name":"New EditBox","_parent":{"__id__":2},"_children":[{"__id__":8},{"__id__":10},{"__id__":12}],"_level":2,"_components":[{"__type__":"cc.EditBox","node":{"__id__":7},"_useOriginalSize":false,"maxLength":8,"_N$textLabel":{"__id__":11},"_N$placeholderLabel":{"__id__":13},"_N$background":{"__id__":9},"_N$inputMode":6}],"_contentSize":{"__type__":"cc.Size","width":500,"height":80},"_position":{"__type__":"cc.Vec3","x":-0.699,"y":-203.914}},{"__type__":"cc.Node","_name":"BACKGROUND_SPRITE","_parent":{"__id__":7},"_level":2,"_components":[{"__id__":9},{"__type__":"cc.Widget","node":{"__id__":8},"alignMode":0,"_alignFlags":45,"_originalWidth":160,"_originalHeight":40}],"_contentSize":{"__type__":"cc.Size","width":500,"height":80}},{"__type__":"cc.Sprite","node":{"__id__":8},"_materials":[{"__uuid__":"ecpdLyjvZBwrvm+cedCcQy"}],"_spriteFrame":{"__uuid__":"ffDpHHVcZAhqOfy25Fe4w7"},"_type":1,"_sizeMode":0},{"__type__":"cc.Node","_name":"TEXT_LABEL","_parent":{"__id__":7},"_active":false,"_level":2,"_components":[{"__id__":11},{"__type__":"cc.Widget","node":{"__id__":10},"alignMode":0,"_alignFlags":45,"_left":2,"_originalWidth":158,"_originalHeight":40}],"_contentSize":{"__type__":"cc.Size","width":158,"height":40},"_anchorPoint":{"__type__":"cc.Vec2","y":1},"_position":{"__type__":"cc.Vec3","x":-78,"y":20}},{"__type__":"cc.Label","node":{"__id__":10},"_fontSize":20,"_lineHeight":25,"_enableWrapText":false,"_N$verticalAlign":1,"_N$overflow":1},{"__type__":"cc.Node","_name":"PLACEHOLDER_LABEL","_parent":{"__id__":7},"_level":2,"_components":[{"__id__":13},{"__type__":"cc.Widget","node":{"__id__":12},"alignMode":0,"_alignFlags":45,"_left":2,"_originalWidth":158,"_originalHeight":40}],"_color":{"__type__":"cc.Color","r":187,"g":187,"b":187},"_contentSize":{"__type__":"cc.Size","width":498,"height":80},"_anchorPoint":{"__type__":"cc.Vec2","y":1},"_position":{"__type__":"cc.Vec3","x":-248,"y":40}},{"__type__":"cc.Label","node":{"__id__":12},"_materials":[{"__uuid__":"ecpdLyjvZBwrvm+cedCcQy"}],"_string":"Enter text here...","_N$string":"Enter text here...","_fontSize":20,"_lineHeight":25,"_enableWrapText":false,"_N$verticalAlign":1,"_N$overflow":1},{"__type__":"cc.Node","_name":"Controls","_parent":{"__id__":2},"_children":[{"__id__":15},{"__id__":18},{"__id__":21},{"__id__":24},{"__id__":27},{"__id__":30},{"__id__":33},{"__id__":36},{"__id__":39},{"__id__":42},{"__id__":45},{"__id__":48}],"_level":2,"_components":[{"__type__":"cc.Layout","node":{"__id__":14},"_layoutSize":{"__type__":"cc.Size","width":660,"height":660},"_resize":2,"_N$layoutType":3,"_N$cellSize":{"__type__":"cc.Size","width":150,"height":150},"_N$paddingLeft":10,"_N$paddingTop":10,"_N$spacingX":10,"_N$spacingY":10,"_N$affectedByScale":true},{"__type__":"d96a9Bgo+RJAYn/jgxExEKv","node":{"__id__":14},"label":{"__id__":6}},{"__type__":"cc.Widget","node":{"__id__":14},"alignMode":2,"_target":{"__id__":2},"_alignFlags":18,"_left":450,"_right":450,"_top":30,"_bottom":30,"_originalWidth":660,"_originalHeight":660}],"_contentSize":{"__type__":"cc.Size","width":660,"height":660}},{"__type__":"cc.Node","_name":"btnPortrait","_parent":{"__id__":14},"_children":[{"__id__":16}],"_level":3,"_components":[{"__type__":"cc.Button","node":{"__id__":15},"clickEvents":[{"__type__":"cc.ClickEvent","target":{"__id__":14},"_componentId":"d96a9Bgo+RJAYn/jgxExEKv","handler":"testPortrait"}],"_N$transition":2,"transition":2,"_N$normalColor":{"__type__":"cc.Color","r":230,"g":230,"b":230},"_N$pressedColor":{"__type__":"cc.Color","r":200,"g":200,"b":200},"pressedColor":{"__type__":"cc.Color","r":200,"g":200,"b":200},"_N$disabledColor":{"__type__":"cc.Color","r":120,"g":120,"b":120,"a":200},"_N$normalSprite":{"__uuid__":"f0BIwQ8D5Ml7nTNQbh1YlS"},"_N$pressedSprite":{"__uuid__":"e97GVMl6JHh5Ml5qEDdSGa"},"pressedSprite":{"__uuid__":"e97GVMl6JHh5Ml5qEDdSGa"},"_N$hoverSprite":{"__uuid__":"f0BIwQ8D5Ml7nTNQbh1YlS"},"hoverSprite":{"__uuid__":"f0BIwQ8D5Ml7nTNQbh1YlS"},"_N$disabledSprite":{"__uuid__":"29FYIk+N1GYaeWH/q1NxQO"},"_N$target":{"__id__":16}}],"_contentSize":{"__type__":"cc.Size","width":150,"height":150},"_position":{"__type__":"cc.Vec3","x":-245,"y":245}},{"__type__":"cc.Node","_name":"Background","_parent":{"__id__":15},"_children":[{"__id__":17}],"_level":2,"_components":[{"__type__":"cc.Sprite","node":{"__id__":16},"_materials":[{"__uuid__":"ecpdLyjvZBwrvm+cedCcQy"}],"_spriteFrame":{"__uuid__":"f0BIwQ8D5Ml7nTNQbh1YlS"},"_type":1,"_sizeMode":0},{"__type__":"cc.Widget","node":{"__id__":16},"alignMode":0,"_alignFlags":45,"_originalWidth":100,"_originalHeight":40}],"_contentSize":{"__type__":"cc.Size","width":150,"height":150}},{"__type__":"cc.Node","_name":"Label","_parent":{"__id__":16},"_level":3,"_components":[{"__type__":"cc.Label","node":{"__id__":17},"_materials":[{"__uuid__":"ecpdLyjvZBwrvm+cedCcQy"}],"_useOriginalSize":false,"_string":"Portrait","_N$string":"Portrait","_fontSize":32,"_enableWrapText":false,"_N$horizontalAlign":1,"_N$verticalAlign":1,"_N$cacheMode":2}],"_color":{"__type__":"cc.Color"},"_contentSize":{"__type__":"cc.Size","width":103.15,"height":40}},{"__type__":"cc.Node","_name":"btnLandscape","_parent":{"__id__":14},"_children":[{"__id__":19}],"_level":3,"_components":[{"__type__":"cc.Button","node":{"__id__":18},"clickEvents":[{"__type__":"cc.ClickEvent","target":{"__id__":14},"_componentId":"d96a9Bgo+RJAYn/jgxExEKv","handler":"testLandscape"}],"_N$transition":2,"transition":2,"_N$normalColor":{"__type__":"cc.Color","r":230,"g":230,"b":230},"_N$pressedColor":{"__type__":"cc.Color","r":200,"g":200,"b":200},"pressedColor":{"__type__":"cc.Color","r":200,"g":200,"b":200},"_N$disabledColor":{"__type__":"cc.Color","r":120,"g":120,"b":120,"a":200},"_N$normalSprite":{"__uuid__":"f0BIwQ8D5Ml7nTNQbh1YlS"},"_N$pressedSprite":{"__uuid__":"e97GVMl6JHh5Ml5qEDdSGa"},"pressedSprite":{"__uuid__":"e97GVMl6JHh5Ml5qEDdSGa"},"_N$hoverSprite":{"__uuid__":"f0BIwQ8D5Ml7nTNQbh1YlS"},"hoverSprite":{"__uuid__":"f0BIwQ8D5Ml7nTNQbh1YlS"},"_N$disabledSprite":{"__uuid__":"29FYIk+N1GYaeWH/q1NxQO"},"_N$target":{"__id__":19}}],"_contentSize":{"__type__":"cc.Size","width":150,"height":150},"_position":{"__type__":"cc.Vec3","x":-85,"y":245}},{"__type__":"cc.Node","_name":"Background","_parent":{"__id__":18},"_children":[{"__id__":20}],"_level":2,"_components":[{"__type__":"cc.Sprite","node":{"__id__":19},"_materials":[{"__uuid__":"ecpdLyjvZBwrvm+cedCcQy"}],"_spriteFrame":{"__uuid__":"f0BIwQ8D5Ml7nTNQbh1YlS"},"_type":1,"_sizeMode":0},{"__type__":"cc.Widget","node":{"__id__":19},"alignMode":0,"_alignFlags":45,"_originalWidth":100,"_originalHeight":40}],"_contentSize":{"__type__":"cc.Size","width":150,"height":150}},{"__type__":"cc.Node","_name":"Label","_parent":{"__id__":19},"_level":3,"_components":[{"__type__":"cc.Label","node":{"__id__":20},"_materials":[{"__uuid__":"ecpdLyjvZBwrvm+cedCcQy"}],"_useOriginalSize":false,"_string":"Landscape","_N$string":"Landscape","_fontSize":28,"_enableWrapText":false,"_N$horizontalAlign":1,"_N$verticalAlign":1,"_N$cacheMode":2}],"_color":{"__type__":"cc.Color"},"_contentSize":{"__type__":"cc.Size","width":136.99,"height":40}},{"__type__":"cc.Node","_name":"btnDeviceId","_parent":{"__id__":14},"_children":[{"__id__":22}],"_level":3,"_components":[{"__type__":"cc.Button","node":{"__id__":21},"clickEvents":[{"__type__":"cc.ClickEvent","target":{"__id__":14},"_componentId":"d96a9Bgo+RJAYn/jgxExEKv","handler":"testGetId"}],"_N$transition":2,"transition":2,"_N$normalColor":{"__type__":"cc.Color","r":230,"g":230,"b":230},"_N$pressedColor":{"__type__":"cc.Color","r":200,"g":200,"b":200},"pressedColor":{"__type__":"cc.Color","r":200,"g":200,"b":200},"_N$disabledColor":{"__type__":"cc.Color","r":120,"g":120,"b":120,"a":200},"_N$normalSprite":{"__uuid__":"f0BIwQ8D5Ml7nTNQbh1YlS"},"_N$pressedSprite":{"__uuid__":"e97GVMl6JHh5Ml5qEDdSGa"},"pressedSprite":{"__uuid__":"e97GVMl6JHh5Ml5qEDdSGa"},"_N$hoverSprite":{"__uuid__":"f0BIwQ8D5Ml7nTNQbh1YlS"},"hoverSprite":{"__uuid__":"f0BIwQ8D5Ml7nTNQbh1YlS"},"_N$disabledSprite":{"__uuid__":"29FYIk+N1GYaeWH/q1NxQO"},"_N$target":{"__id__":22}}],"_contentSize":{"__type__":"cc.Size","width":150,"height":150},"_position":{"__type__":"cc.Vec3","x":75,"y":245}},{"__type__":"cc.Node","_name":"Background","_parent":{"__id__":21},"_children":[{"__id__":23}],"_level":2,"_components":[{"__type__":"cc.Sprite","node":{"__id__":22},"_materials":[{"__uuid__":"ecpdLyjvZBwrvm+cedCcQy"}],"_spriteFrame":{"__uuid__":"f0BIwQ8D5Ml7nTNQbh1YlS"},"_type":1,"_sizeMode":0},{"__type__":"cc.Widget","node":{"__id__":22},"alignMode":0,"_alignFlags":45,"_originalWidth":100,"_originalHeight":40}],"_contentSize":{"__type__":"cc.Size","width":150,"height":150}},{"__type__":"cc.Node","_name":"Label","_parent":{"__id__":22},"_level":3,"_components":[{"__type__":"cc.Label","node":{"__id__":23},"_materials":[{"__uuid__":"ecpdLyjvZBwrvm+cedCcQy"}],"_useOriginalSize":false,"_string":"Device\nID","_N$string":"Device\nID","_fontSize":32,"_enableWrapText":false,"_N$horizontalAlign":1,"_N$verticalAlign":1,"_N$cacheMode":2}],"_color":{"__type__":"cc.Color"},"_contentSize":{"__type__":"cc.Size","width":97.82,"height":80}},{"__type__":"cc.Node","_name":"btnBundleId","_parent":{"__id__":14},"_children":[{"__id__":25}],"_level":3,"_components":[{"__type__":"cc.Button","node":{"__id__":24},"clickEvents":[{"__type__":"cc.ClickEvent","target":{"__id__":14},"_componentId":"d96a9Bgo+RJAYn/jgxExEKv","handler":"testGetBundleId"}],"_N$transition":2,"transition":2,"_N$normalColor":{"__type__":"cc.Color","r":230,"g":230,"b":230},"_N$pressedColor":{"__type__":"cc.Color","r":200,"g":200,"b":200},"pressedColor":{"__type__":"cc.Color","r":200,"g":200,"b":200},"_N$disabledColor":{"__type__":"cc.Color","r":120,"g":120,"b":120,"a":200},"_N$normalSprite":{"__uuid__":"f0BIwQ8D5Ml7nTNQbh1YlS"},"_N$pressedSprite":{"__uuid__":"e97GVMl6JHh5Ml5qEDdSGa"},"pressedSprite":{"__uuid__":"e97GVMl6JHh5Ml5qEDdSGa"},"_N$hoverSprite":{"__uuid__":"f0BIwQ8D5Ml7nTNQbh1YlS"},"hoverSprite":{"__uuid__":"f0BIwQ8D5Ml7nTNQbh1YlS"},"_N$disabledSprite":{"__uuid__":"29FYIk+N1GYaeWH/q1NxQO"},"_N$target":{"__id__":25}}],"_contentSize":{"__type__":"cc.Size","width":150,"height":150},"_position":{"__type__":"cc.Vec3","x":235,"y":245}},{"__type__":"cc.Node","_name":"Background","_parent":{"__id__":24},"_children":[{"__id__":26}],"_level":2,"_components":[{"__type__":"cc.Sprite","node":{"__id__":25},"_materials":[{"__uuid__":"ecpdLyjvZBwrvm+cedCcQy"}],"_spriteFrame":{"__uuid__":"f0BIwQ8D5Ml7nTNQbh1YlS"},"_type":1,"_sizeMode":0},{"__type__":"cc.Widget","node":{"__id__":25},"alignMode":0,"_alignFlags":45,"_originalWidth":100,"_originalHeight":40}],"_contentSize":{"__type__":"cc.Size","width":150,"height":150}},{"__type__":"cc.Node","_name":"Label","_parent":{"__id__":25},"_level":3,"_components":[{"__type__":"cc.Label","node":{"__id__":26},"_materials":[{"__uuid__":"ecpdLyjvZBwrvm+cedCcQy"}],"_useOriginalSize":false,"_string":"Bundle\nID","_N$string":"Bundle\nID","_fontSize":32,"_enableWrapText":false,"_N$horizontalAlign":1,"_N$verticalAlign":1,"_N$cacheMode":2}],"_color":{"__type__":"cc.Color"},"_contentSize":{"__type__":"cc.Size","width":99.65,"height":80}},{"__type__":"cc.Node","_name":"btnDeviceName","_parent":{"__id__":14},"_children":[{"__id__":28}],"_level":3,"_components":[{"__type__":"cc.Button","node":{"__id__":27},"clickEvents":[{"__type__":"cc.ClickEvent","target":{"__id__":14},"_componentId":"d96a9Bgo+RJAYn/jgxExEKv","handler":"testGetDeviceName"}],"_N$transition":2,"transition":2,"_N$normalColor":{"__type__":"cc.Color","r":230,"g":230,"b":230},"_N$pressedColor":{"__type__":"cc.Color","r":200,"g":200,"b":200},"pressedColor":{"__type__":"cc.Color","r":200,"g":200,"b":200},"_N$disabledColor":{"__type__":"cc.Color","r":120,"g":120,"b":120,"a":200},"_N$normalSprite":{"__uuid__":"f0BIwQ8D5Ml7nTNQbh1YlS"},"_N$pressedSprite":{"__uuid__":"e97GVMl6JHh5Ml5qEDdSGa"},"pressedSprite":{"__uuid__":"e97GVMl6JHh5Ml5qEDdSGa"},"_N$hoverSprite":{"__uuid__":"f0BIwQ8D5Ml7nTNQbh1YlS"},"hoverSprite":{"__uuid__":"f0BIwQ8D5Ml7nTNQbh1YlS"},"_N$disabledSprite":{"__uuid__":"29FYIk+N1GYaeWH/q1NxQO"},"_N$target":{"__id__":28}}],"_contentSize":{"__type__":"cc.Size","width":150,"height":150},"_position":{"__type__":"cc.Vec3","x":-245,"y":85}},{"__type__":"cc.Node","_name":"Background","_parent":{"__id__":27},"_children":[{"__id__":29}],"_level":2,"_components":[{"__type__":"cc.Sprite","node":{"__id__":28},"_materials":[{"__uuid__":"ecpdLyjvZBwrvm+cedCcQy"}],"_spriteFrame":{"__uuid__":"f0BIwQ8D5Ml7nTNQbh1YlS"},"_type":1,"_sizeMode":0},{"__type__":"cc.Widget","node":{"__id__":28},"alignMode":0,"_alignFlags":45,"_originalWidth":100,"_originalHeight":40}],"_contentSize":{"__type__":"cc.Size","width":150,"height":150}},{"__type__":"cc.Node","_name":"Label","_parent":{"__id__":28},"_level":3,"_components":[{"__type__":"cc.Label","node":{"__id__":29},"_materials":[{"__uuid__":"ecpdLyjvZBwrvm+cedCcQy"}],"_useOriginalSize":false,"_string":"Device\nName","_N$string":"Device\nName","_fontSize":32,"_enableWrapText":false,"_N$horizontalAlign":1,"_N$verticalAlign":1,"_N$cacheMode":2}],"_color":{"__type__":"cc.Color"},"_contentSize":{"__type__":"cc.Size","width":97.82,"height":80}},{"__type__":"cc.Node","_name":"btnCopy","_parent":{"__id__":14},"_children":[{"__id__":31}],"_level":3,"_components":[{"__type__":"cc.Button","node":{"__id__":30},"clickEvents":[{"__type__":"cc.ClickEvent","target":{"__id__":14},"_componentId":"d96a9Bgo+RJAYn/jgxExEKv","handler":"testSetClipboard"}],"_N$transition":2,"transition":2,"_N$normalColor":{"__type__":"cc.Color","r":230,"g":230,"b":230},"_N$pressedColor":{"__type__":"cc.Color","r":200,"g":200,"b":200},"pressedColor":{"__type__":"cc.Color","r":200,"g":200,"b":200},"_N$disabledColor":{"__type__":"cc.Color","r":120,"g":120,"b":120,"a":200},"_N$normalSprite":{"__uuid__":"f0BIwQ8D5Ml7nTNQbh1YlS"},"_N$pressedSprite":{"__uuid__":"e97GVMl6JHh5Ml5qEDdSGa"},"pressedSprite":{"__uuid__":"e97GVMl6JHh5Ml5qEDdSGa"},"_N$hoverSprite":{"__uuid__":"f0BIwQ8D5Ml7nTNQbh1YlS"},"hoverSprite":{"__uuid__":"f0BIwQ8D5Ml7nTNQbh1YlS"},"_N$disabledSprite":{"__uuid__":"29FYIk+N1GYaeWH/q1NxQO"},"_N$target":{"__id__":31}}],"_contentSize":{"__type__":"cc.Size","width":150,"height":150},"_position":{"__type__":"cc.Vec3","x":-85,"y":85}},{"__type__":"cc.Node","_name":"Background","_parent":{"__id__":30},"_children":[{"__id__":32}],"_level":2,"_components":[{"__type__":"cc.Sprite","node":{"__id__":31},"_materials":[{"__uuid__":"ecpdLyjvZBwrvm+cedCcQy"}],"_spriteFrame":{"__uuid__":"f0BIwQ8D5Ml7nTNQbh1YlS"},"_type":1,"_sizeMode":0},{"__type__":"cc.Widget","node":{"__id__":31},"alignMode":0,"_alignFlags":45,"_originalWidth":100,"_originalHeight":40}],"_contentSize":{"__type__":"cc.Size","width":150,"height":150}},{"__type__":"cc.Node","_name":"Label","_parent":{"__id__":31},"_level":3,"_components":[{"__type__":"cc.Label","node":{"__id__":32},"_materials":[{"__uuid__":"ecpdLyjvZBwrvm+cedCcQy"}],"_useOriginalSize":false,"_string":"COPY","_N$string":"COPY","_fontSize":32,"_enableWrapText":false,"_N$horizontalAlign":1,"_N$verticalAlign":1,"_N$cacheMode":2}],"_color":{"__type__":"cc.Color"},"_contentSize":{"__type__":"cc.Size","width":90.68,"height":40}},{"__type__":"cc.Node","_name":"btnPASTE","_parent":{"__id__":14},"_children":[{"__id__":34}],"_level":3,"_components":[{"__type__":"cc.Button","node":{"__id__":33},"clickEvents":[{"__type__":"cc.ClickEvent","target":{"__id__":14},"_componentId":"d96a9Bgo+RJAYn/jgxExEKv","handler":"testGetClipboard"}],"_N$transition":2,"transition":2,"_N$normalColor":{"__type__":"cc.Color","r":230,"g":230,"b":230},"_N$pressedColor":{"__type__":"cc.Color","r":200,"g":200,"b":200},"pressedColor":{"__type__":"cc.Color","r":200,"g":200,"b":200},"_N$disabledColor":{"__type__":"cc.Color","r":120,"g":120,"b":120,"a":200},"_N$normalSprite":{"__uuid__":"f0BIwQ8D5Ml7nTNQbh1YlS"},"_N$pressedSprite":{"__uuid__":"e97GVMl6JHh5Ml5qEDdSGa"},"pressedSprite":{"__uuid__":"e97GVMl6JHh5Ml5qEDdSGa"},"_N$hoverSprite":{"__uuid__":"f0BIwQ8D5Ml7nTNQbh1YlS"},"hoverSprite":{"__uuid__":"f0BIwQ8D5Ml7nTNQbh1YlS"},"_N$disabledSprite":{"__uuid__":"29FYIk+N1GYaeWH/q1NxQO"},"_N$target":{"__id__":34}}],"_contentSize":{"__type__":"cc.Size","width":150,"height":150},"_position":{"__type__":"cc.Vec3","x":75,"y":85}},{"__type__":"cc.Node","_name":"Background","_parent":{"__id__":33},"_children":[{"__id__":35}],"_level":2,"_components":[{"__type__":"cc.Sprite","node":{"__id__":34},"_materials":[{"__uuid__":"ecpdLyjvZBwrvm+cedCcQy"}],"_spriteFrame":{"__uuid__":"f0BIwQ8D5Ml7nTNQbh1YlS"},"_type":1,"_sizeMode":0},{"__type__":"cc.Widget","node":{"__id__":34},"alignMode":0,"_alignFlags":45,"_originalWidth":100,"_originalHeight":40}],"_contentSize":{"__type__":"cc.Size","width":150,"height":150}},{"__type__":"cc.Node","_name":"Label","_parent":{"__id__":34},"_level":3,"_components":[{"__type__":"cc.Label","node":{"__id__":35},"_materials":[{"__uuid__":"ecpdLyjvZBwrvm+cedCcQy"}],"_useOriginalSize":false,"_string":"PASTE","_N$string":"PASTE","_fontSize":32,"_enableWrapText":false,"_N$horizontalAlign":1,"_N$verticalAlign":1,"_N$cacheMode":2}],"_color":{"__type__":"cc.Color"},"_contentSize":{"__type__":"cc.Size","width":104.91,"height":40}},{"__type__":"cc.Node","_name":"btnSMS","_parent":{"__id__":14},"_children":[{"__id__":37}],"_active":false,"_level":3,"_components":[{"__type__":"cc.Button","node":{"__id__":36},"clickEvents":[{"__type__":"cc.ClickEvent","target":{"__id__":14},"_componentId":"d96a9Bgo+RJAYn/jgxExEKv","handler":"testSMS"}],"_N$transition":2,"transition":2,"_N$normalColor":{"__type__":"cc.Color","r":230,"g":230,"b":230},"_N$pressedColor":{"__type__":"cc.Color","r":200,"g":200,"b":200},"pressedColor":{"__type__":"cc.Color","r":200,"g":200,"b":200},"_N$disabledColor":{"__type__":"cc.Color","r":120,"g":120,"b":120,"a":200},"_N$normalSprite":{"__uuid__":"f0BIwQ8D5Ml7nTNQbh1YlS"},"_N$pressedSprite":{"__uuid__":"e97GVMl6JHh5Ml5qEDdSGa"},"pressedSprite":{"__uuid__":"e97GVMl6JHh5Ml5qEDdSGa"},"_N$hoverSprite":{"__uuid__":"f0BIwQ8D5Ml7nTNQbh1YlS"},"hoverSprite":{"__uuid__":"f0BIwQ8D5Ml7nTNQbh1YlS"},"_N$disabledSprite":{"__uuid__":"29FYIk+N1GYaeWH/q1NxQO"},"_N$target":{"__id__":37}}],"_contentSize":{"__type__":"cc.Size","width":150,"height":150},"_position":{"__type__":"cc.Vec3","x":235,"y":85}},{"__type__":"cc.Node","_name":"Background","_parent":{"__id__":36},"_children":[{"__id__":38}],"_level":2,"_components":[{"__type__":"cc.Sprite","node":{"__id__":37},"_materials":[{"__uuid__":"ecpdLyjvZBwrvm+cedCcQy"}],"_spriteFrame":{"__uuid__":"f0BIwQ8D5Ml7nTNQbh1YlS"},"_type":1,"_sizeMode":0},{"__type__":"cc.Widget","node":{"__id__":37},"alignMode":0,"_alignFlags":45,"_originalWidth":100,"_originalHeight":40}],"_contentSize":{"__type__":"cc.Size","width":150,"height":150}},{"__type__":"cc.Node","_name":"Label","_parent":{"__id__":37},"_level":3,"_components":[{"__type__":"cc.Label","node":{"__id__":38},"_materials":[{"__uuid__":"ecpdLyjvZBwrvm+cedCcQy"}],"_useOriginalSize":false,"_string":"SMS","_N$string":"SMS","_fontSize":32,"_enableWrapText":false,"_N$horizontalAlign":1,"_N$verticalAlign":1,"_N$cacheMode":2}],"_color":{"__type__":"cc.Color"},"_contentSize":{"__type__":"cc.Size","width":69.34,"height":40}},{"__type__":"cc.Node","_name":"btnOpenURL","_parent":{"__id__":14},"_children":[{"__id__":40}],"_level":3,"_components":[{"__type__":"cc.Button","node":{"__id__":39},"clickEvents":[{"__type__":"cc.ClickEvent","target":{"__id__":14},"_componentId":"d96a9Bgo+RJAYn/jgxExEKv","handler":"testOpenURL"}],"_N$transition":2,"transition":2,"_N$normalColor":{"__type__":"cc.Color","r":230,"g":230,"b":230},"_N$pressedColor":{"__type__":"cc.Color","r":200,"g":200,"b":200},"pressedColor":{"__type__":"cc.Color","r":200,"g":200,"b":200},"_N$disabledColor":{"__type__":"cc.Color","r":120,"g":120,"b":120,"a":200},"_N$normalSprite":{"__uuid__":"f0BIwQ8D5Ml7nTNQbh1YlS"},"_N$pressedSprite":{"__uuid__":"e97GVMl6JHh5Ml5qEDdSGa"},"pressedSprite":{"__uuid__":"e97GVMl6JHh5Ml5qEDdSGa"},"_N$hoverSprite":{"__uuid__":"f0BIwQ8D5Ml7nTNQbh1YlS"},"hoverSprite":{"__uuid__":"f0BIwQ8D5Ml7nTNQbh1YlS"},"_N$disabledSprite":{"__uuid__":"29FYIk+N1GYaeWH/q1NxQO"},"_N$target":{"__id__":40}}],"_contentSize":{"__type__":"cc.Size","width":150,"height":150},"_position":{"__type__":"cc.Vec3","x":235,"y":85}},{"__type__":"cc.Node","_name":"Background","_parent":{"__id__":39},"_children":[{"__id__":41}],"_level":2,"_components":[{"__type__":"cc.Sprite","node":{"__id__":40},"_materials":[{"__uuid__":"ecpdLyjvZBwrvm+cedCcQy"}],"_spriteFrame":{"__uuid__":"f0BIwQ8D5Ml7nTNQbh1YlS"},"_type":1,"_sizeMode":0},{"__type__":"cc.Widget","node":{"__id__":40},"alignMode":0,"_alignFlags":45,"_originalWidth":100,"_originalHeight":40}],"_contentSize":{"__type__":"cc.Size","width":150,"height":150}},{"__type__":"cc.Node","_name":"Label","_parent":{"__id__":40},"_level":3,"_components":[{"__type__":"cc.Label","node":{"__id__":41},"_materials":[{"__uuid__":"ecpdLyjvZBwrvm+cedCcQy"}],"_useOriginalSize":false,"_string":"Open\nURL","_N$string":"Open\nURL","_fontSize":32,"_enableWrapText":false,"_N$horizontalAlign":1,"_N$verticalAlign":1,"_N$cacheMode":2}],"_color":{"__type__":"cc.Color"},"_contentSize":{"__type__":"cc.Size","width":78.29,"height":80}},{"__type__":"cc.Node","_name":"btnScreenOn","_parent":{"__id__":14},"_children":[{"__id__":43}],"_level":3,"_components":[{"__type__":"cc.Button","node":{"__id__":42},"clickEvents":[{"__type__":"cc.ClickEvent","target":{"__id__":14},"_componentId":"d96a9Bgo+RJAYn/jgxExEKv","handler":"testKeepScreenOn"}],"_N$transition":2,"transition":2,"_N$normalColor":{"__type__":"cc.Color","r":230,"g":230,"b":230},"_N$pressedColor":{"__type__":"cc.Color","r":200,"g":200,"b":200},"pressedColor":{"__type__":"cc.Color","r":200,"g":200,"b":200},"_N$disabledColor":{"__type__":"cc.Color","r":120,"g":120,"b":120,"a":200},"_N$normalSprite":{"__uuid__":"f0BIwQ8D5Ml7nTNQbh1YlS"},"_N$pressedSprite":{"__uuid__":"e97GVMl6JHh5Ml5qEDdSGa"},"pressedSprite":{"__uuid__":"e97GVMl6JHh5Ml5qEDdSGa"},"_N$hoverSprite":{"__uuid__":"f0BIwQ8D5Ml7nTNQbh1YlS"},"hoverSprite":{"__uuid__":"f0BIwQ8D5Ml7nTNQbh1YlS"},"_N$disabledSprite":{"__uuid__":"29FYIk+N1GYaeWH/q1NxQO"},"_N$target":{"__id__":43}}],"_contentSize":{"__type__":"cc.Size","width":150,"height":150},"_position":{"__type__":"cc.Vec3","x":-245,"y":-75}},{"__type__":"cc.Node","_name":"Background","_parent":{"__id__":42},"_children":[{"__id__":44}],"_level":2,"_components":[{"__type__":"cc.Sprite","node":{"__id__":43},"_materials":[{"__uuid__":"ecpdLyjvZBwrvm+cedCcQy"}],"_spriteFrame":{"__uuid__":"f0BIwQ8D5Ml7nTNQbh1YlS"},"_type":1,"_sizeMode":0},{"__type__":"cc.Widget","node":{"__id__":43},"alignMode":0,"_alignFlags":45,"_originalWidth":100,"_originalHeight":40}],"_contentSize":{"__type__":"cc.Size","width":150,"height":150}},{"__type__":"cc.Node","_name":"Label","_parent":{"__id__":43},"_level":3,"_components":[{"__type__":"cc.Label","node":{"__id__":44},"_materials":[{"__uuid__":"ecpdLyjvZBwrvm+cedCcQy"}],"_useOriginalSize":false,"_string":"Screen \non","_N$string":"Screen \non","_fontSize":32,"_enableWrapText":false,"_N$horizontalAlign":1,"_N$verticalAlign":1,"_N$cacheMode":2}],"_color":{"__type__":"cc.Color"},"_contentSize":{"__type__":"cc.Size","width":110.29,"height":80}},{"__type__":"cc.Node","_name":"btnCreateFile","_parent":{"__id__":14},"_children":[{"__id__":46}],"_level":3,"_components":[{"__type__":"cc.Button","node":{"__id__":45},"clickEvents":[{"__type__":"cc.ClickEvent","target":{"__id__":14},"_componentId":"d96a9Bgo+RJAYn/jgxExEKv","handler":"testCreateFile"}],"_N$transition":2,"transition":2,"_N$normalColor":{"__type__":"cc.Color","r":230,"g":230,"b":230},"_N$pressedColor":{"__type__":"cc.Color","r":200,"g":200,"b":200},"pressedColor":{"__type__":"cc.Color","r":200,"g":200,"b":200},"_N$disabledColor":{"__type__":"cc.Color","r":120,"g":120,"b":120,"a":200},"_N$normalSprite":{"__uuid__":"f0BIwQ8D5Ml7nTNQbh1YlS"},"_N$pressedSprite":{"__uuid__":"e97GVMl6JHh5Ml5qEDdSGa"},"pressedSprite":{"__uuid__":"e97GVMl6JHh5Ml5qEDdSGa"},"_N$hoverSprite":{"__uuid__":"f0BIwQ8D5Ml7nTNQbh1YlS"},"hoverSprite":{"__uuid__":"f0BIwQ8D5Ml7nTNQbh1YlS"},"_N$disabledSprite":{"__uuid__":"29FYIk+N1GYaeWH/q1NxQO"},"_N$target":{"__id__":46}}],"_contentSize":{"__type__":"cc.Size","width":150,"height":150},"_position":{"__type__":"cc.Vec3","x":-85,"y":-75}},{"__type__":"cc.Node","_name":"Background","_parent":{"__id__":45},"_children":[{"__id__":47}],"_level":2,"_components":[{"__type__":"cc.Sprite","node":{"__id__":46},"_materials":[{"__uuid__":"ecpdLyjvZBwrvm+cedCcQy"}],"_spriteFrame":{"__uuid__":"f0BIwQ8D5Ml7nTNQbh1YlS"},"_type":1,"_sizeMode":0},{"__type__":"cc.Widget","node":{"__id__":46},"alignMode":0,"_alignFlags":45,"_originalWidth":100,"_originalHeight":40}],"_contentSize":{"__type__":"cc.Size","width":150,"height":150}},{"__type__":"cc.Node","_name":"Label","_parent":{"__id__":46},"_level":3,"_components":[{"__type__":"cc.Label","node":{"__id__":47},"_materials":[{"__uuid__":"ecpdLyjvZBwrvm+cedCcQy"}],"_useOriginalSize":false,"_string":"Create\nFile","_N$string":"Create\nFile","_fontSize":32,"_enableWrapText":false,"_N$horizontalAlign":1,"_N$verticalAlign":1,"_N$cacheMode":2}],"_color":{"__type__":"cc.Color"},"_contentSize":{"__type__":"cc.Size","width":96.06,"height":80}},{"__type__":"cc.Node","_name":"btnSaveImage","_parent":{"__id__":14},"_children":[{"__id__":49}],"_active":false,"_level":3,"_components":[{"__type__":"cc.Button","node":{"__id__":48},"clickEvents":[{"__type__":"cc.ClickEvent","target":{"__id__":14},"_componentId":"d96a9Bgo+RJAYn/jgxExEKv","handler":"testSaveImage"}],"_N$transition":2,"transition":2,"_N$normalColor":{"__type__":"cc.Color","r":230,"g":230,"b":230},"_N$pressedColor":{"__type__":"cc.Color","r":200,"g":200,"b":200},"pressedColor":{"__type__":"cc.Color","r":200,"g":200,"b":200},"_N$disabledColor":{"__type__":"cc.Color","r":120,"g":120,"b":120,"a":200},"_N$normalSprite":{"__uuid__":"f0BIwQ8D5Ml7nTNQbh1YlS"},"_N$pressedSprite":{"__uuid__":"e97GVMl6JHh5Ml5qEDdSGa"},"pressedSprite":{"__uuid__":"e97GVMl6JHh5Ml5qEDdSGa"},"_N$hoverSprite":{"__uuid__":"f0BIwQ8D5Ml7nTNQbh1YlS"},"hoverSprite":{"__uuid__":"f0BIwQ8D5Ml7nTNQbh1YlS"},"_N$disabledSprite":{"__uuid__":"29FYIk+N1GYaeWH/q1NxQO"},"_N$target":{"__id__":49}}],"_contentSize":{"__type__":"cc.Size","width":150,"height":150},"_position":{"__type__":"cc.Vec3","x":75,"y":-75}},{"__type__":"cc.Node","_name":"Background","_parent":{"__id__":48},"_children":[{"__id__":50}],"_level":2,"_components":[{"__type__":"cc.Sprite","node":{"__id__":49},"_materials":[{"__uuid__":"ecpdLyjvZBwrvm+cedCcQy"}],"_spriteFrame":{"__uuid__":"f0BIwQ8D5Ml7nTNQbh1YlS"},"_type":1,"_sizeMode":0},{"__type__":"cc.Widget","node":{"__id__":49},"alignMode":0,"_alignFlags":45,"_originalWidth":100,"_originalHeight":40}],"_contentSize":{"__type__":"cc.Size","width":150,"height":150}},{"__type__":"cc.Node","_name":"Label","_parent":{"__id__":49},"_level":3,"_components":[{"__type__":"cc.Label","node":{"__id__":50},"_materials":[{"__uuid__":"ecpdLyjvZBwrvm+cedCcQy"}],"_useOriginalSize":false,"_string":"Save\nImage To\nGallery","_N$string":"Save\nImage To\nGallery","_fontSize":32,"_enableWrapText":false,"_N$horizontalAlign":1,"_N$verticalAlign":1,"_N$cacheMode":2}],"_color":{"__type__":"cc.Color"},"_contentSize":{"__type__":"cc.Size","width":135.19,"height":120}},{"__type__":"cc.Node","_name":"New Sprite","_parent":{"__id__":2},"_level":2,"_components":[{"__type__":"cc.Sprite","node":{"__id__":51},"_materials":[{"__uuid__":"ecpdLyjvZBwrvm+cedCcQy"}],"_spriteFrame":{"__uuid__":"8c20Sso/ZEn7NUfNSM+EBh"},"_sizeMode":0}],"_contentSize":{"__type__":"cc.Size","width":100,"height":100},"_position":{"__type__":"cc.Vec3","x":-473.278,"y":83.031}}]