[1,["20g1ukYUVPvKWKBRznAKo+@f9941","54TknWPwVPqJqeCR+Y/Czo@f9941","95EkngnxZFbYuFpsqVTaFr@f9941","20g1ukYUVPvKWKBRznAKo+@6c48a","54TknWPwVPqJqeCR+Y/Czo@6c48a","95EkngnxZFbYuFpsqVTaFr@6c48a","d0MqyYBeFAkIi762QNy1/B@b47c0","6fAc9/gb9Kfr1dCvwZaWSA@b47c0"],["node","_target","_spriteFrame","_normalSprite","_hoverSprite","_pressedSprite","_disabledSprite","_textureSource","lbFc","target","_parent","_cameraComponent","scene","_envmapHDR","_envmapLDR"],["cc.ImageAsset",["cc.Node",["_name","_layer","_id","_objFlags","_components","_children","_parent","_lpos"],-1,9,2,1,5],"cc.SpriteFrame",["cc.Widget",["_alignFlags","_left","_right","_bottom","_originalWidth","_alignMode","node"],-3,1],["cc.Label",["_string","_actualFontSize","_fontSize","_overflow","_enableWrapText","_cacheMode","_verticalAlign","node","_color"],-4,1,5],"cc.TextureCube",["cc.UITransform",["node","_contentSize"],3,1,5],["cc.SceneAsset",["_name"],2],["cc.Node",["_name","_layer","_parent","_components","_lpos"],1,1,12,5],["cc.Node",["_name","_parent","_components","_lpos"],2,1,2,5],["cc.Layout",["_resizeMode","_layoutType","_spacingX","_spacingY","node","_cellSize"],-1,1,5],["b2b49ISEwxJybZUevzxG1yU",["node","lbFc"],3,1,1],["cc.Canvas",["node","_cameraComponent"],3,1,1],["cc.Sprite",["_type","_sizeMode","node","_spriteFrame"],1,1,6],["cc.Button",["_transition","node","clickEvents","_normalColor","_target","_normalSprite","_hoverSprite","_pressedSprite","_disabledSprite"],2,1,9,5,1,6,6,6,6],["cc.ClickEvent",["_componentId","handler","target"],1,1],["5e91bl4VaFMzIP1gQRkH46f",["node","lbFc"],3,1,1],["cc.LabelOutline",["node"],3,1],["cc.Scene",["_name","_children","_globals"],2,2,4],["cc.SceneGlobals",["ambient","shadows","_skybox","fog","octree","lightProbeInfo"],3,4,4,4,4,4,4],["cc.AmbientInfo",["_skyIllumLDR","_skyColorHDR","_skyColorLDR","_groundAlbedoLDR"],2,5,5,5],["cc.ShadowsInfo",["_shadowColor"],3,5],["cc.SkyboxInfo",["_enabled","_envmapHDR","_envmapLDR"],2,6,6],["cc.FogInfo",[],3],["cc.OctreeInfo",[],3],["cc.LightProbeInfo",[],3],["cc.Camera",["_projection","_priority","_orthoHeight","_far","_visibility","node","_color"],-2,1,5]],[[6,0,1,1],[1,0,1,6,5,4,7,3],[1,0,3,1,6,4,4],[6,0,1],[13,0,1,2,3,3],[14,0,1,2,3,4,5,6,7,8,2],[15,0,1,2,3],[4,0,1,2,3,4,5,7,8,7],[7,0,2],[1,0,1,5,4,3],[1,0,1,2,5,4,7,4],[1,0,1,6,4,3],[8,0,1,2,3,4,3],[9,0,1,2,3,2],[3,6,1],[3,0,1,2,6,4],[3,0,3,4,5,6,5],[10,0,1,2,3,4,5,5],[11,0,1,1],[12,0,1,1],[16,0,1,1],[17,0,1],[4,0,6,1,2,3,7,6],[4,0,1,2,4,5,7,8,6],[18,0,1,2,2],[19,0,1,2,3,4,5,1],[20,0,1,2,3,2],[21,0,1],[22,0,1,2,2],[23,1],[24,1],[25,1],[26,0,1,2,3,4,5,6,6]],[[[{"name":"default_btn_normal","rect":{"x":0,"y":0,"width":40,"height":40},"offset":{"x":0,"y":0},"originalSize":{"width":40,"height":40},"rotated":false,"capInsets":[12,12,12,12],"vertices":{"rawPosition":[-20,-20,0,20,-20,0,-20,20,0,20,20,0],"indexes":[0,1,2,2,1,3],"uv":[0,40,40,40,0,0,40,0],"nuv":[0,0,1,0,0,1,1,1],"minPos":{"x":-20,"y":-20,"z":0},"maxPos":{"x":20,"y":20,"z":0}},"packable":true,"pixelsToUnit":100,"pivot":{"x":0.5,"y":0.5},"meshType":0}],[2],0,[0],[7],[3]],[[{"name":"default_btn_pressed","rect":{"x":0,"y":0,"width":40,"height":40},"offset":{"x":0,"y":0},"originalSize":{"width":40,"height":40},"rotated":false,"capInsets":[12,12,12,12],"vertices":{"rawPosition":[-20,-20,0,20,-20,0,-20,20,0,20,20,0],"indexes":[0,1,2,2,1,3],"uv":[0,40,40,40,0,0,40,0],"nuv":[0,0,1,0,0,1,1,1],"minPos":{"x":-20,"y":-20,"z":0},"maxPos":{"x":20,"y":20,"z":0}},"packable":true,"pixelsToUnit":100,"pivot":{"x":0.5,"y":0.5},"meshType":0}],[2],0,[0],[7],[4]],[[{"base":"2,2,0,0,2,0","rgbe":false,"mipmaps":[{"front":"6fAc9/gb9Kfr1dCvwZaWSA@b47c0@e9a6d","back":"6fAc9/gb9Kfr1dCvwZaWSA@b47c0@40c10","left":"6fAc9/gb9Kfr1dCvwZaWSA@b47c0@8fd34","right":"6fAc9/gb9Kfr1dCvwZaWSA@b47c0@74afd","top":"6fAc9/gb9Kfr1dCvwZaWSA@b47c0@bb97f","bottom":"6fAc9/gb9Kfr1dCvwZaWSA@b47c0@7d38f"}]}],[5],0,[],[],[]],[[{"fmt":"0","w":0,"h":0},-1],[0],0,[],[],[]],[[{"fmt":"0","w":0,"h":0},-1],[0],0,[],[],[]],[[{"fmt":"0","w":0,"h":0},-1],[0],0,[],[],[]],[[{"fmt":"0","w":0,"h":0},-1],[0],0,[],[],[]],[[{"fmt":"0","w":0,"h":0},-1],[0],0,[],[],[]],[[{"fmt":"0","w":0,"h":0},-1],[0],0,[],[],[]],[[{"name":"default_btn_disabled","rect":{"x":0,"y":0,"width":40,"height":40},"offset":{"x":0,"y":0},"originalSize":{"width":40,"height":40},"rotated":false,"capInsets":[12,12,12,12],"vertices":{"rawPosition":[-20,-20,0,20,-20,0,-20,20,0,20,20,0],"indexes":[0,1,2,2,1,3],"uv":[0,40,40,40,0,0,40,0],"nuv":[0,0,1,0,0,1,1,1],"minPos":{"x":-20,"y":-20,"z":0},"maxPos":{"x":20,"y":20,"z":0}},"packable":true,"pixelsToUnit":100,"pivot":{"x":0.5,"y":0.5},"meshType":0}],[2],0,[0],[7],[5]],[[{"base":"2,2,0,0,2,0","rgbe":true,"mipmaps":[{"front":"d0MqyYBeFAkIi762QNy1/B@b47c0@e9a6d","back":"d0MqyYBeFAkIi762QNy1/B@b47c0@40c10","left":"d0MqyYBeFAkIi762QNy1/B@b47c0@8fd34","right":"d0MqyYBeFAkIi762QNy1/B@b47c0@74afd","top":"d0MqyYBeFAkIi762QNy1/B@b47c0@bb97f","bottom":"d0MqyYBeFAkIi762QNy1/B@b47c0@7d38f"}]}],[5],0,[],[],[]],[[{"fmt":"0","w":0,"h":0},-1],[0],0,[],[],[]],[[{"fmt":"0","w":0,"h":0},-1],[0],0,[],[],[]],[[{"fmt":"0","w":0,"h":0},-1],[0],0,[],[],[]],[[{"fmt":"0","w":0,"h":0},-1],[0],0,[],[],[]],[[{"fmt":"0","w":0,"h":0},-1],[0],0,[],[],[]],[[{"fmt":"0","w":0,"h":0},-1],[0],0,[],[],[]],[[[8,"nativeTest"],[9,"Controls",33554432,[-6,-7,-8,-9,-10,-11,-12,-13,-14,-15,-16],[[0,-1,[5,650,650]],[14,-2],[17,2,3,10,10,-3,[5,150,150]],[18,-5,-4]]],[10,"Canvas",33554432,"61deg31f9HfKtU9vlz7aWk",[-21,1,-22,-23],[[0,-17,[5,960,640]],[19,-19,-18],[15,45,5.684341886080802e-14,5.684341886080802e-14,-20]],[1,480.00000000000006,320,0]],[1,"btnPortrait",33554432,1,[-29],[[0,-24,[5,150,150]],[4,1,0,-25,0],[5,2,-28,[[6,"5e91bl4VaFMzIP1gQRkH46f","testPortrait",-27]],[4,4292269782],-26,1,2,3,4]],[1,-250,250,0]],[1,"btnLandscape",33554432,1,[-35],[[0,-30,[5,150,150]],[4,1,0,-31,5],[5,2,-34,[[6,"5e91bl4VaFMzIP1gQRkH46f","testLandscape",-33]],[4,4292269782],-32,6,7,8,9]],[1,-90,250,0]],[1,"btnID",33554432,1,[-40],[[0,-36,[5,150,150]],[4,1,0,-37,10],[5,2,-39,[[6,"b2b49ISEwxJybZUevzxG1yU","testGetId",1]],[4,4292269782],-38,11,12,13,14]],[1,70,250,0]],[1,"btnBundle",33554432,1,[-45],[[0,-41,[5,150,150]],[4,1,0,-42,15],[5,2,-44,[[6,"b2b49ISEwxJybZUevzxG1yU","testGetBundleId",1]],[4,4292269782],-43,16,17,18,19]],[1,230,250,0]],[1,"btnDeviceName",33554432,1,[-50],[[0,-46,[5,150,150]],[4,1,0,-47,20],[5,2,-49,[[6,"b2b49ISEwxJybZUevzxG1yU","testGetDeviceName",1]],[4,4292269782],-48,21,22,23,24]],[1,-250,90,0]],[1,"btnSetClipboard",33554432,1,[-55],[[0,-51,[5,150,150]],[4,1,0,-52,25],[5,2,-54,[[6,"b2b49ISEwxJybZUevzxG1yU","testSetClipboard",1]],[4,4292269782],-53,26,27,28,29]],[1,-90,90,0]],[1,"btnGetClipboard",33554432,1,[-60],[[0,-56,[5,150,150]],[4,1,0,-57,30],[5,2,-59,[[6,"b2b49ISEwxJybZUevzxG1yU","testGetClipboard",1]],[4,4292269782],-58,31,32,33,34]],[1,70,90,0]],[1,"btnSMS",33554432,1,[-65],[[0,-61,[5,150,150]],[4,1,0,-62,35],[5,2,-64,[[6,"b2b49ISEwxJybZUevzxG1yU","testSMS",1]],[4,4292269782],-63,36,37,38,39]],[1,230,90,0]],[1,"btnScreenOn",33554432,1,[-70],[[0,-66,[5,150,150]],[4,1,0,-67,40],[5,2,-69,[[6,"b2b49ISEwxJybZUevzxG1yU","testKeepScreenOn",1]],[4,4292269782],-68,41,42,43,44]],[1,-250,-70,0]],[1,"btnCreateFile",33554432,1,[-75],[[0,-71,[5,150,150]],[4,1,0,-72,45],[5,2,-74,[[6,"b2b49ISEwxJybZUevzxG1yU","testCreateFile",1]],[4,4292269782],-73,46,47,48,49]],[1,-90,-70,0]],[1,"btnSaveImage",33554432,1,[-80],[[0,-76,[5,150,150]],[4,1,0,-77,50],[5,2,-79,[[6,"b2b49ISEwxJybZUevzxG1yU","testSaveImage",1]],[4,4292269782],-78,51,52,53,54]],[1,70,-70,0]],[11,"Node",33554432,2,[[3,-81],[20,-83,-82]]],[12,"Label",33554432,2,[[[0,-84,[5,960,54.4]],-85,[16,44,50,42.26,1,-86],[21,-87]],4,1,4,4],[1,0,-242.8,0]],[2,"Label",512,33554432,3,[[3,-88],[7,"Portrait",26,26,1,false,2,-89,[4,4278190080]]]],[22,"STATUS HERE",0,36,36,3,15],[2,"Label",512,33554432,4,[[0,-90,[5,127.22,40]],[23,"Landscape",26,26,false,2,-91,[4,4278190080]]]],[2,"Label",512,33554432,5,[[3,-92],[7,"Device\nID",26,26,1,false,2,-93,[4,4278190080]]]],[2,"Label",512,33554432,6,[[3,-94],[7,"Bundle\nID",26,26,1,false,2,-95,[4,4278190080]]]],[2,"Label",512,33554432,7,[[3,-96],[7,"Device\nNAME",26,26,1,false,2,-97,[4,4278190080]]]],[2,"Label",512,33554432,8,[[3,-98],[7,"COPY",26,26,1,false,2,-99,[4,4278190080]]]],[2,"Label",512,33554432,9,[[3,-100],[7,"PASTE",26,26,1,false,2,-101,[4,4278190080]]]],[2,"Label",512,33554432,10,[[3,-102],[7,"SMS",26,26,1,false,2,-103,[4,4278190080]]]],[2,"Label",512,33554432,11,[[3,-104],[7,"Screen\nON",26,26,1,false,2,-105,[4,4278190080]]]],[2,"Label",512,33554432,12,[[3,-106],[7,"Create\nFile",26,26,1,false,2,-107,[4,4278190080]]]],[2,"Label",512,33554432,13,[[3,-108],[7,"Save\nImage",26,26,1,false,2,-109,[4,4278190080]]]],[24,"nativeTest",[2],[25,[26,0.8,[2,0.2,0.5,0.8,0.520833125],[2,0.452588,0.607642,0.755699,0],[2,0.618555,0.577848,0.544564,0]],[27,[4,4283190348]],[28,true,55,56],[29],[30],[31]]],[13,"Camera",2,[-110],[1,0,0,1000]],[32,0,1073741824,320,2000,41943040,29,[4,4286129748]]],0,[0,0,1,0,0,1,0,0,1,0,8,17,0,0,1,0,-1,3,0,-2,4,0,-3,5,0,-4,6,0,-5,7,0,-6,8,0,-7,9,0,-8,10,0,-9,11,0,-10,12,0,-11,13,0,0,2,0,11,30,0,0,2,0,0,2,0,-1,29,0,-3,15,0,-4,14,0,0,3,0,0,3,0,1,3,0,9,14,0,0,3,0,-1,16,0,0,4,0,0,4,0,1,4,0,9,14,0,0,4,0,-1,18,0,0,5,0,0,5,0,1,5,0,0,5,0,-1,19,0,0,6,0,0,6,0,1,6,0,0,6,0,-1,20,0,0,7,0,0,7,0,1,7,0,0,7,0,-1,21,0,0,8,0,0,8,0,1,8,0,0,8,0,-1,22,0,0,9,0,0,9,0,1,9,0,0,9,0,-1,23,0,0,10,0,0,10,0,1,10,0,0,10,0,-1,24,0,0,11,0,0,11,0,1,11,0,0,11,0,-1,25,0,0,12,0,0,12,0,1,12,0,0,12,0,-1,26,0,0,13,0,0,13,0,1,13,0,0,13,0,-1,27,0,0,14,0,8,17,0,0,14,0,0,15,0,-2,17,0,0,15,0,0,15,0,0,16,0,0,16,0,0,18,0,0,18,0,0,19,0,0,19,0,0,20,0,0,20,0,0,21,0,0,21,0,0,22,0,0,22,0,0,23,0,0,23,0,0,24,0,0,24,0,0,25,0,0,25,0,0,26,0,0,26,0,0,27,0,0,27,0,-1,30,0,12,28,1,10,2,2,10,28,110],[0,0,0,0,0,0,0,0,0,0,0,0,0,0,0,0,0,0,0,0,0,0,0,0,0,0,0,0,0,0,0,0,0,0,0,0,0,0,0,0,0,0,0,0,0,0,0,0,0,0,0,0,0,0,0,0,0],[2,3,4,5,6,2,3,4,5,6,2,3,4,5,6,2,3,4,5,6,2,3,4,5,6,2,3,4,5,6,2,3,4,5,6,2,3,4,5,6,2,3,4,5,6,2,3,4,5,6,2,3,4,5,6,13,14],[0,0,0,1,2,0,0,0,1,2,0,0,0,1,2,0,0,0,1,2,0,0,0,1,2,0,0,0,1,2,0,0,0,1,2,0,0,0,1,2,0,0,0,1,2,0,0,0,1,2,0,0,0,1,2,6,7]]]]
