[1,["20g1ukYUVPvKWKBRznAKo+@f9941","54TknWPwVPqJqeCR+Y/Czo@f9941","95EkngnxZFbYuFpsqVTaFr@f9941","20g1ukYUVPvKWKBRznAKo+@6c48a","54TknWPwVPqJqeCR+Y/Czo@6c48a","95EkngnxZFbYuFpsqVTaFr@6c48a","d0MqyYBeFAkIi762QNy1/B@b47c0","6fAc9/gb9Kfr1dCvwZaWSA@b47c0"],["node","_target","_spriteFrame","_normalSprite","_hoverSprite","_pressedSprite","_disabledSprite","_textureSource","_cameraComponent","label","scene","_parent","_envmapHDR","_envmapLDR"],["cc.ImageAsset",["cc.Node",["_name","_layer","_id","_objFlags","_components","_parent","_children","_lpos","_lrot","_euler"],-1,9,1,2,5,5,5],"cc.SpriteFrame",["cc.Widget",["_alignFlags","_left","_right","_bottom","_originalWidth","_alignMode","node"],-3,1],["cc.Label",["_string","_actualFontSize","_fontSize","_overflow","_enableWrapText","_cacheMode","_verticalAlign","node","_color"],-4,1,5],"cc.TextureCube",["cc.UITransform",["node","_contentSize"],3,1,5],["cc.Camera",["_clearFlags","_visibility","_projection","_priority","_orthoHeight","_far","node","_color"],-3,1,5],["cc.SceneAsset",["_name"],2],["cc.Node",["_name","_layer","_parent","_components","_lpos"],1,1,12,5],["cc.Node",["_name","_parent","_components","_lpos"],2,1,2,5],["cc.Canvas",["node","_cameraComponent"],3,1,1],["6a073rHNKhEMJEySU9d017q",["node","label"],3,1,1],["cc.Layout",["_resizeMode","_layoutType","_spacingX","_spacingY","node","_cellSize"],-1,1,5],["cc.Sprite",["_type","_sizeMode","node","_spriteFrame"],1,1,6],["cc.Button",["_transition","node","clickEvents","_normalColor","_target","_normalSprite","_hoverSprite","_pressedSprite","_disabledSprite"],2,1,9,5,1,6,6,6,6],["cc.ClickEvent",["_componentId","handler","target"],1,1],["cc.LabelOutline",["node"],3,1],["cc.Scene",["_name","_children","_globals"],2,2,4],["cc.SceneGlobals",["ambient","shadows","_skybox","fog","octree","lightProbeInfo"],3,4,4,4,4,4,4],["cc.AmbientInfo",["_skyIllumLDR","_skyColorHDR","_skyColorLDR","_groundAlbedoLDR"],2,5,5,5],["cc.ShadowsInfo",["_shadowColor"],3,5],["cc.SkyboxInfo",["_enabled","_envmapHDR","_envmapLDR"],2,6,6],["cc.FogInfo",[],3],["cc.OctreeInfo",[],3],["cc.LightProbeInfo",[],3],["cc.DirectionalLight",["node","_color","_staticSettings"],3,1,5,4],["cc.StaticLightSettings",[],3]],[[6,0,1,1],[1,0,1,5,6,4,7,3],[1,0,3,1,5,4,4],[14,0,1,2,3,3],[15,0,1,2,3,4,5,6,7,8,2],[16,0,1,2,3],[6,0,1],[4,0,1,2,3,4,5,7,8,7],[8,0,2],[1,0,1,2,6,4,7,4],[1,0,1,5,6,4,3],[1,0,2,5,4,8,9,3],[1,0,2,5,4,7,8,9,3],[9,0,1,2,3,4,3],[10,0,1,2,3,2],[11,0,1,1],[3,0,1,2,6,4],[3,6,1],[3,0,3,4,5,6,5],[12,0,1,1],[13,0,1,2,3,4,5,5],[17,0,1],[18,0,1,2,2],[19,0,1,2,3,4,5,1],[20,0,1,2,3,2],[21,0,1],[22,0,1,2,2],[23,1],[24,1],[25,1],[4,0,1,2,4,5,7,8,6],[4,0,6,1,2,3,7,6],[26,0,1,2,1],[27,1],[7,0,1,6,3],[7,2,3,4,5,0,1,6,7,7]],[[[{"name":"default_btn_normal","rect":{"x":0,"y":0,"width":40,"height":40},"offset":{"x":0,"y":0},"originalSize":{"width":40,"height":40},"rotated":false,"capInsets":[12,12,12,12],"vertices":{"rawPosition":[-20,-20,0,20,-20,0,-20,20,0,20,20,0],"indexes":[0,1,2,2,1,3],"uv":[0,40,40,40,0,0,40,0],"nuv":[0,0,1,0,0,1,1,1],"minPos":{"x":-20,"y":-20,"z":0},"maxPos":{"x":20,"y":20,"z":0}},"packable":true,"pixelsToUnit":100,"pivot":{"x":0.5,"y":0.5},"meshType":0}],[2],0,[0],[7],[3]],[[{"name":"default_btn_pressed","rect":{"x":0,"y":0,"width":40,"height":40},"offset":{"x":0,"y":0},"originalSize":{"width":40,"height":40},"rotated":false,"capInsets":[12,12,12,12],"vertices":{"rawPosition":[-20,-20,0,20,-20,0,-20,20,0,20,20,0],"indexes":[0,1,2,2,1,3],"uv":[0,40,40,40,0,0,40,0],"nuv":[0,0,1,0,0,1,1,1],"minPos":{"x":-20,"y":-20,"z":0},"maxPos":{"x":20,"y":20,"z":0}},"packable":true,"pixelsToUnit":100,"pivot":{"x":0.5,"y":0.5},"meshType":0}],[2],0,[0],[7],[4]],[[{"base":"2,2,0,0,2,0","rgbe":false,"mipmaps":[{"front":"6fAc9/gb9Kfr1dCvwZaWSA@b47c0@e9a6d","back":"6fAc9/gb9Kfr1dCvwZaWSA@b47c0@40c10","left":"6fAc9/gb9Kfr1dCvwZaWSA@b47c0@8fd34","right":"6fAc9/gb9Kfr1dCvwZaWSA@b47c0@74afd","top":"6fAc9/gb9Kfr1dCvwZaWSA@b47c0@bb97f","bottom":"6fAc9/gb9Kfr1dCvwZaWSA@b47c0@7d38f"}]}],[5],0,[],[],[]],[[{"fmt":"0","w":0,"h":0},-1],[0],0,[],[],[]],[[{"fmt":"0","w":0,"h":0},-1],[0],0,[],[],[]],[[{"fmt":"0","w":0,"h":0},-1],[0],0,[],[],[]],[[{"fmt":"0","w":0,"h":0},-1],[0],0,[],[],[]],[[{"fmt":"0","w":0,"h":0},-1],[0],0,[],[],[]],[[{"fmt":"0","w":0,"h":0},-1],[0],0,[],[],[]],[[{"name":"default_btn_disabled","rect":{"x":0,"y":0,"width":40,"height":40},"offset":{"x":0,"y":0},"originalSize":{"width":40,"height":40},"rotated":false,"capInsets":[12,12,12,12],"vertices":{"rawPosition":[-20,-20,0,20,-20,0,-20,20,0,20,20,0],"indexes":[0,1,2,2,1,3],"uv":[0,40,40,40,0,0,40,0],"nuv":[0,0,1,0,0,1,1,1],"minPos":{"x":-20,"y":-20,"z":0},"maxPos":{"x":20,"y":20,"z":0}},"packable":true,"pixelsToUnit":100,"pivot":{"x":0.5,"y":0.5},"meshType":0}],[2],0,[0],[7],[5]],[[{"base":"2,2,0,0,2,0","rgbe":true,"mipmaps":[{"front":"d0MqyYBeFAkIi762QNy1/B@b47c0@e9a6d","back":"d0MqyYBeFAkIi762QNy1/B@b47c0@40c10","left":"d0MqyYBeFAkIi762QNy1/B@b47c0@8fd34","right":"d0MqyYBeFAkIi762QNy1/B@b47c0@74afd","top":"d0MqyYBeFAkIi762QNy1/B@b47c0@bb97f","bottom":"d0MqyYBeFAkIi762QNy1/B@b47c0@7d38f"}]}],[5],0,[],[],[]],[[{"fmt":"0","w":0,"h":0},-1],[0],0,[],[],[]],[[{"fmt":"0","w":0,"h":0},-1],[0],0,[],[],[]],[[{"fmt":"0","w":0,"h":0},-1],[0],0,[],[],[]],[[{"fmt":"0","w":0,"h":0},-1],[0],0,[],[],[]],[[{"fmt":"0","w":0,"h":0},-1],[0],0,[],[],[]],[[{"fmt":"0","w":0,"h":0},-1],[0],0,[],[],[]],[[[8,"StartScene"],[9,"Canvas",33554432,"61deg31f9HfKtU9vlz7aWk",[-7,-8,-9],[[0,-1,[5,960,640]],[15,-3,-2],[16,45,5.684341886080802e-14,5.684341886080802e-14,-4],[19,-6,-5]],[1,480.00000000000006,320,0]],[10,"Controls",33554432,1,[-13,-14,-15,-16,-17,-18,-19,-20,-21,-22,-23],[[0,-10,[5,650,650]],[17,-11],[20,2,3,10,10,-12,[5,150,150]]]],[1,"btnPortrait",33554432,2,[-28],[[0,-24,[5,150,150]],[3,1,0,-25,0],[4,2,-27,[[5,"6a073rHNKhEMJEySU9d017q","testPortrait",1]],[4,4292269782],-26,1,2,3,4]],[1,-250,250,0]],[1,"btnLandscape",33554432,2,[-33],[[0,-29,[5,150,150]],[3,1,0,-30,5],[4,2,-32,[[5,"6a073rHNKhEMJEySU9d017q","testLandscape",1]],[4,4292269782],-31,6,7,8,9]],[1,-90,250,0]],[1,"btnID",33554432,2,[-38],[[0,-34,[5,150,150]],[3,1,0,-35,10],[4,2,-37,[[5,"6a073rHNKhEMJEySU9d017q","testGetId",1]],[4,4292269782],-36,11,12,13,14]],[1,70,250,0]],[1,"btnBundle",33554432,2,[-43],[[0,-39,[5,150,150]],[3,1,0,-40,15],[4,2,-42,[[5,"6a073rHNKhEMJEySU9d017q","testGetBundleId",1]],[4,4292269782],-41,16,17,18,19]],[1,230,250,0]],[1,"btnDeviceName",33554432,2,[-48],[[0,-44,[5,150,150]],[3,1,0,-45,20],[4,2,-47,[[5,"6a073rHNKhEMJEySU9d017q","testGetDeviceName",1]],[4,4292269782],-46,21,22,23,24]],[1,-250,90,0]],[1,"btnSetClipboard",33554432,2,[-53],[[0,-49,[5,150,150]],[3,1,0,-50,25],[4,2,-52,[[5,"6a073rHNKhEMJEySU9d017q","testSetClipboard",1]],[4,4292269782],-51,26,27,28,29]],[1,-90,90,0]],[1,"btnGetClipboard",33554432,2,[-58],[[0,-54,[5,150,150]],[3,1,0,-55,30],[4,2,-57,[[5,"6a073rHNKhEMJEySU9d017q","testGetClipboard",1]],[4,4292269782],-56,31,32,33,34]],[1,70,90,0]],[1,"btnSMS",33554432,2,[-63],[[0,-59,[5,150,150]],[3,1,0,-60,35],[4,2,-62,[[5,"6a073rHNKhEMJEySU9d017q","testSMS",1]],[4,4292269782],-61,36,37,38,39]],[1,230,90,0]],[1,"btnScreenOn",33554432,2,[-68],[[0,-64,[5,150,150]],[3,1,0,-65,40],[4,2,-67,[[5,"6a073rHNKhEMJEySU9d017q","testKeepScreenOn",1]],[4,4292269782],-66,41,42,43,44]],[1,-250,-70,0]],[1,"btnCreateFile",33554432,2,[-73],[[0,-69,[5,150,150]],[3,1,0,-70,45],[4,2,-72,[[5,"6a073rHNKhEMJEySU9d017q","testCreateFile",1]],[4,4292269782],-71,46,47,48,49]],[1,-90,-70,0]],[1,"btnSaveImage",33554432,2,[-78],[[0,-74,[5,150,150]],[3,1,0,-75,50],[4,2,-77,[[5,"6a073rHNKhEMJEySU9d017q","testSaveImage",1]],[4,4292269782],-76,51,52,53,54]],[1,70,-70,0]],[13,"Label",33554432,1,[[[0,-79,[5,960,54.4]],-80,[18,44,50,42.26,1,-81],[21,-82]],4,1,4,4],[1,0,-242.8,0]],[22,"StartScene",[-83,-84,1],[23,[24,0.8,[2,0.2,0.5,0.8,0.520833125],[2,0.452588,0.607642,0.755699,0],[2,0.618555,0.577848,0.544564,0]],[25,[4,4283190348]],[26,true,55,56],[27],[28],[29]]],[2,"Label",512,33554432,3,[[6,-85],[7,"Portrait",26,26,1,false,2,-86,[4,4278190080]]]],[2,"Label",512,33554432,4,[[0,-87,[5,127.22,40]],[30,"Landscape",26,26,false,2,-88,[4,4278190080]]]],[2,"Label",512,33554432,5,[[6,-89],[7,"Device\nID",26,26,1,false,2,-90,[4,4278190080]]]],[2,"Label",512,33554432,6,[[6,-91],[7,"Bundle\nID",26,26,1,false,2,-92,[4,4278190080]]]],[2,"Label",512,33554432,7,[[6,-93],[7,"Device\nNAME",26,26,1,false,2,-94,[4,4278190080]]]],[2,"Label",512,33554432,8,[[6,-95],[7,"COPY",26,26,1,false,2,-96,[4,4278190080]]]],[2,"Label",512,33554432,9,[[6,-97],[7,"PASTE",26,26,1,false,2,-98,[4,4278190080]]]],[2,"Label",512,33554432,10,[[6,-99],[7,"SMS",26,26,1,false,2,-100,[4,4278190080]]]],[2,"Label",512,33554432,11,[[6,-101],[7,"Screen\nON",26,26,1,false,2,-102,[4,4278190080]]]],[2,"Label",512,33554432,12,[[6,-103],[7,"Create\nFile",26,26,1,false,2,-104,[4,4278190080]]]],[2,"Label",512,33554432,13,[[6,-105],[7,"Save\nImage",26,26,1,false,2,-106,[4,4278190080]]]],[11,"Main Light","c0y6F5f+pAvI805TdmxIjx",15,[[32,-107,[4,4293982975],[33]]],[3,-0.06397656665577071,-0.44608233363525845,-0.8239028751062036,-0.3436591377065261],[1,-117.894,-194.909,38.562]],[12,"Main Camera","c9DMICJLFO5IeO07EPon7U",15,[[34,14,1822425087,-108]],[1,-10,10,10],[3,-0.27781593346944056,-0.36497167621709875,-0.11507512748638377,0.8811195706053617],[1,-35,-45,0]],[14,"Camera",1,[-109],[1,0,0,1000]],[35,0,1073741824,357.07317073170736,2000,6,41943040,29,[4,4278190080]],[31,"STATUS HERE",0,36,36,3,14]],0,[0,0,1,0,8,30,0,0,1,0,0,1,0,9,31,0,0,1,0,-1,29,0,-2,2,0,-3,14,0,0,2,0,0,2,0,0,2,0,-1,3,0,-2,4,0,-3,5,0,-4,6,0,-5,7,0,-6,8,0,-7,9,0,-8,10,0,-9,11,0,-10,12,0,-11,13,0,0,3,0,0,3,0,1,3,0,0,3,0,-1,16,0,0,4,0,0,4,0,1,4,0,0,4,0,-1,17,0,0,5,0,0,5,0,1,5,0,0,5,0,-1,18,0,0,6,0,0,6,0,1,6,0,0,6,0,-1,19,0,0,7,0,0,7,0,1,7,0,0,7,0,-1,20,0,0,8,0,0,8,0,1,8,0,0,8,0,-1,21,0,0,9,0,0,9,0,1,9,0,0,9,0,-1,22,0,0,10,0,0,10,0,1,10,0,0,10,0,-1,23,0,0,11,0,0,11,0,1,11,0,0,11,0,-1,24,0,0,12,0,0,12,0,1,12,0,0,12,0,-1,25,0,0,13,0,0,13,0,1,13,0,0,13,0,-1,26,0,0,14,0,-2,31,0,0,14,0,0,14,0,-1,27,0,-2,28,0,0,16,0,0,16,0,0,17,0,0,17,0,0,18,0,0,18,0,0,19,0,0,19,0,0,20,0,0,20,0,0,21,0,0,21,0,0,22,0,0,22,0,0,23,0,0,23,0,0,24,0,0,24,0,0,25,0,0,25,0,0,26,0,0,26,0,0,27,0,0,28,0,-1,30,0,10,15,1,11,15,109],[0,0,0,0,0,0,0,0,0,0,0,0,0,0,0,0,0,0,0,0,0,0,0,0,0,0,0,0,0,0,0,0,0,0,0,0,0,0,0,0,0,0,0,0,0,0,0,0,0,0,0,0,0,0,0,0,0],[2,3,4,5,6,2,3,4,5,6,2,3,4,5,6,2,3,4,5,6,2,3,4,5,6,2,3,4,5,6,2,3,4,5,6,2,3,4,5,6,2,3,4,5,6,2,3,4,5,6,2,3,4,5,6,12,13],[0,0,0,1,2,0,0,0,1,2,0,0,0,1,2,0,0,0,1,2,0,0,0,1,2,0,0,0,1,2,0,0,0,1,2,0,0,0,1,2,0,0,0,1,2,0,0,0,1,2,0,0,0,1,2,6,7]]]]
