[1,["20835ba4-6145-4fbc-a58a-051ce700aa3e@f9941","544e49d6-3f05-4fa8-9a9e-091f98fc2ce8@f9941","951249e0-9f16-456d-8b85-a6ca954da16b@f9941","20835ba4-6145-4fbc-a58a-051ce700aa3e@6c48a","544e49d6-3f05-4fa8-9a9e-091f98fc2ce8@6c48a","951249e0-9f16-456d-8b85-a6ca954da16b@6c48a","d032ac98-05e1-4090-88bb-eb640dcb5fc1@b47c0","6f01cf7f-81bf-4a7e-bd5d-0afc19696480@b47c0"],["node","_target","_spriteFrame","_normalSprite","_hoverSprite","_pressedSprite","_disabledSprite","_textureSource","_parent","label","_cameraComponent","scene","_envmapHDR","_envmapLDR"],["cc.ImageAsset",["cc.Node",["_name","_layer","_id","_objFlags","_components","_parent","_children","_lpos","_lrot","_euler"],-1,9,1,2,5,5,5],"cc.SpriteFrame",["cc.Widget",["_alignFlags","_left","_right","_bottom","_originalWidth","_alignMode","node"],-3,1],["cc.Label",["_string","_actualFontSize","_fontSize","_overflow","_enableWrapText","_cacheMode","_verticalAlign","node","_color"],-4,1,5],"cc.TextureCube",["cc.UITransform",["node","_contentSize"],3,1,5],["cc.Camera",["_clearFlags","_visibility","_projection","_priority","_orthoHeight","_far","node","_color"],-3,1,5],["cc.SceneAsset",["_name"],2],["cc.Node",["_name","_layer","_parent","_components","_lpos"],1,1,12,5],["cc.Node",["_name","_parent","_components","_lpos"],2,1,2,5],["cc.Layout",["_resizeMode","_layoutType","_spacingX","_spacingY","node","_cellSize"],-1,1,5],["6a073rHNKhEMJEySU9d017q",["node","label"],3,1,1],["cc.Canvas",["node","_cameraComponent"],3,1,1],["cc.Sprite",["_type","_sizeMode","node","_spriteFrame"],1,1,6],["cc.Button",["_transition","node","clickEvents","_normalColor","_target","_normalSprite","_hoverSprite","_pressedSprite","_disabledSprite"],2,1,9,5,1,6,6,6,6],["cc.ClickEvent",["_componentId","handler","target"],1,1],["cc.LabelOutline",["node"],3,1],["cc.Scene",["_name","_children","_globals"],2,2,4],["cc.SceneGlobals",["ambient","shadows","_skybox","fog","octree","lightProbeInfo"],3,4,4,4,4,4,4],["cc.AmbientInfo",["_skyIllumLDR","_skyColorHDR","_skyColorLDR","_groundAlbedoLDR"],2,5,5,5],["cc.ShadowsInfo",["_shadowColor"],3,5],["cc.SkyboxInfo",["_enabled","_envmapHDR","_envmapLDR"],2,6,6],["cc.FogInfo",[],3],["cc.OctreeInfo",[],3],["cc.LightProbeInfo",[],3],["cc.DirectionalLight",["node","_color","_staticSettings"],3,1,5,4],["cc.StaticLightSettings",[],3]],[[6,0,1,1],[1,0,1,5,6,4,7,3],[1,0,3,1,5,4,4],[14,0,1,2,3,3],[15,0,1,2,3,4,5,6,7,8,2],[16,0,1,2,3],[6,0,1],[4,0,1,2,3,4,5,7,8,7],[8,0,2],[1,0,1,6,4,3],[1,0,1,2,6,4,7,4],[1,0,2,5,4,8,9,3],[1,0,2,5,4,7,8,9,3],[9,0,1,2,3,4,3],[10,0,1,2,3,2],[3,6,1],[3,0,1,2,6,4],[3,0,3,4,5,6,5],[11,0,1,2,3,4,5,5],[12,0,1,1],[13,0,1,1],[17,0,1],[18,0,1,2,2],[19,0,1,2,3,4,5,1],[20,0,1,2,3,2],[21,0,1],[22,0,1,2,2],[23,1],[24,1],[25,1],[4,0,1,2,4,5,7,8,6],[4,0,6,1,2,3,7,6],[26,0,1,2,1],[27,1],[7,0,1,6,3],[7,2,3,4,5,0,1,6,7,7]],[[[{"name":"default_btn_normal","rect":{"x":0,"y":0,"width":40,"height":40},"offset":{"x":0,"y":0},"originalSize":{"width":40,"height":40},"rotated":false,"capInsets":[12,12,12,12],"vertices":{"rawPosition":[-20,-20,0,20,-20,0,-20,20,0,20,20,0],"indexes":[0,1,2,2,1,3],"uv":[0,40,40,40,0,0,40,0],"nuv":[0,0,1,0,0,1,1,1],"minPos":{"x":-20,"y":-20,"z":0},"maxPos":{"x":20,"y":20,"z":0}},"packable":true,"pixelsToUnit":100,"pivot":{"x":0.5,"y":0.5},"meshType":0}],[2],0,[0],[7],[3]],[[{"name":"default_btn_pressed","rect":{"x":0,"y":0,"width":40,"height":40},"offset":{"x":0,"y":0},"originalSize":{"width":40,"height":40},"rotated":false,"capInsets":[12,12,12,12],"vertices":{"rawPosition":[-20,-20,0,20,-20,0,-20,20,0,20,20,0],"indexes":[0,1,2,2,1,3],"uv":[0,40,40,40,0,0,40,0],"nuv":[0,0,1,0,0,1,1,1],"minPos":{"x":-20,"y":-20,"z":0},"maxPos":{"x":20,"y":20,"z":0}},"packable":true,"pixelsToUnit":100,"pivot":{"x":0.5,"y":0.5},"meshType":0}],[2],0,[0],[7],[4]],[[{"base":"2,2,0,0,2,0","rgbe":false,"mipmaps":[{"front":"6f01cf7f-81bf-4a7e-bd5d-0afc19696480@b47c0@e9a6d","back":"6f01cf7f-81bf-4a7e-bd5d-0afc19696480@b47c0@40c10","left":"6f01cf7f-81bf-4a7e-bd5d-0afc19696480@b47c0@8fd34","right":"6f01cf7f-81bf-4a7e-bd5d-0afc19696480@b47c0@74afd","top":"6f01cf7f-81bf-4a7e-bd5d-0afc19696480@b47c0@bb97f","bottom":"6f01cf7f-81bf-4a7e-bd5d-0afc19696480@b47c0@7d38f"}]}],[5],0,[],[],[]],[[{"fmt":"0","w":0,"h":0},-1],[0],0,[],[],[]],[[{"fmt":"0","w":0,"h":0},-1],[0],0,[],[],[]],[[{"fmt":"0","w":0,"h":0},-1],[0],0,[],[],[]],[[{"fmt":"0","w":0,"h":0},-1],[0],0,[],[],[]],[[{"fmt":"0","w":0,"h":0},-1],[0],0,[],[],[]],[[{"fmt":"0","w":0,"h":0},-1],[0],0,[],[],[]],[[{"name":"default_btn_disabled","rect":{"x":0,"y":0,"width":40,"height":40},"offset":{"x":0,"y":0},"originalSize":{"width":40,"height":40},"rotated":false,"capInsets":[12,12,12,12],"vertices":{"rawPosition":[-20,-20,0,20,-20,0,-20,20,0,20,20,0],"indexes":[0,1,2,2,1,3],"uv":[0,40,40,40,0,0,40,0],"nuv":[0,0,1,0,0,1,1,1],"minPos":{"x":-20,"y":-20,"z":0},"maxPos":{"x":20,"y":20,"z":0}},"packable":true,"pixelsToUnit":100,"pivot":{"x":0.5,"y":0.5},"meshType":0}],[2],0,[0],[7],[5]],[[{"base":"2,2,0,0,2,0","rgbe":true,"mipmaps":[{"front":"d032ac98-05e1-4090-88bb-eb640dcb5fc1@b47c0@e9a6d","back":"d032ac98-05e1-4090-88bb-eb640dcb5fc1@b47c0@40c10","left":"d032ac98-05e1-4090-88bb-eb640dcb5fc1@b47c0@8fd34","right":"d032ac98-05e1-4090-88bb-eb640dcb5fc1@b47c0@74afd","top":"d032ac98-05e1-4090-88bb-eb640dcb5fc1@b47c0@bb97f","bottom":"d032ac98-05e1-4090-88bb-eb640dcb5fc1@b47c0@7d38f"}]}],[5],0,[],[],[]],[[{"fmt":"0","w":0,"h":0},-1],[0],0,[],[],[]],[[{"fmt":"0","w":0,"h":0},-1],[0],0,[],[],[]],[[{"fmt":"0","w":0,"h":0},-1],[0],0,[],[],[]],[[{"fmt":"0","w":0,"h":0},-1],[0],0,[],[],[]],[[{"fmt":"0","w":0,"h":0},-1],[0],0,[],[],[]],[[{"fmt":"0","w":0,"h":0},-1],[0],0,[],[],[]],[[[8,"StartScene"],[9,"Controls",33554432,[-6,-7,-8,-9,-10,-11,-12,-13,-14,-15,-16],[[0,-1,[5,650,650]],[15,-2],[18,2,3,10,10,-3,[5,150,150]],[19,-5,-4]]],[10,"Canvas",33554432,"61deg31f9HfKtU9vlz7aWk",[-21,1,-22],[[0,-17,[5,960,640]],[20,-19,-18],[16,45,5.684341886080802e-14,5.684341886080802e-14,-20]],[1,480.00000000000006,320,0]],[1,"btnPortrait",33554432,1,[-27],[[0,-23,[5,150,150]],[3,1,0,-24,0],[4,2,-26,[[5,"6a073rHNKhEMJEySU9d017q","testPortrait",1]],[4,4292269782],-25,1,2,3,4]],[1,-250,250,0]],[1,"btnLandscape",33554432,1,[-32],[[0,-28,[5,150,150]],[3,1,0,-29,5],[4,2,-31,[[5,"6a073rHNKhEMJEySU9d017q","testLandscape",1]],[4,4292269782],-30,6,7,8,9]],[1,-90,250,0]],[1,"btnID",33554432,1,[-37],[[0,-33,[5,150,150]],[3,1,0,-34,10],[4,2,-36,[[5,"6a073rHNKhEMJEySU9d017q","testGetId",1]],[4,4292269782],-35,11,12,13,14]],[1,70,250,0]],[1,"btnBundle",33554432,1,[-42],[[0,-38,[5,150,150]],[3,1,0,-39,15],[4,2,-41,[[5,"6a073rHNKhEMJEySU9d017q","testGetBundleId",1]],[4,4292269782],-40,16,17,18,19]],[1,230,250,0]],[1,"btnDeviceName",33554432,1,[-47],[[0,-43,[5,150,150]],[3,1,0,-44,20],[4,2,-46,[[5,"6a073rHNKhEMJEySU9d017q","testGetDeviceName",1]],[4,4292269782],-45,21,22,23,24]],[1,-250,90,0]],[1,"btnSetClipboard",33554432,1,[-52],[[0,-48,[5,150,150]],[3,1,0,-49,25],[4,2,-51,[[5,"6a073rHNKhEMJEySU9d017q","testSetClipboard",1]],[4,4292269782],-50,26,27,28,29]],[1,-90,90,0]],[1,"btnGetClipboard",33554432,1,[-57],[[0,-53,[5,150,150]],[3,1,0,-54,30],[4,2,-56,[[5,"6a073rHNKhEMJEySU9d017q","testGetClipboard",1]],[4,4292269782],-55,31,32,33,34]],[1,70,90,0]],[1,"btnSMS",33554432,1,[-62],[[0,-58,[5,150,150]],[3,1,0,-59,35],[4,2,-61,[[5,"6a073rHNKhEMJEySU9d017q","testSMS",1]],[4,4292269782],-60,36,37,38,39]],[1,230,90,0]],[1,"btnScreenOn",33554432,1,[-67],[[0,-63,[5,150,150]],[3,1,0,-64,40],[4,2,-66,[[5,"6a073rHNKhEMJEySU9d017q","testKeepScreenOn",1]],[4,4292269782],-65,41,42,43,44]],[1,-250,-70,0]],[1,"btnCreateFile",33554432,1,[-72],[[0,-68,[5,150,150]],[3,1,0,-69,45],[4,2,-71,[[5,"6a073rHNKhEMJEySU9d017q","testCreateFile",1]],[4,4292269782],-70,46,47,48,49]],[1,-90,-70,0]],[1,"btnSaveImage",33554432,1,[-77],[[0,-73,[5,150,150]],[3,1,0,-74,50],[4,2,-76,[[5,"6a073rHNKhEMJEySU9d017q","testSaveImage",1]],[4,4292269782],-75,51,52,53,54]],[1,70,-70,0]],[13,"Label",33554432,2,[[[0,-78,[5,960,54.4]],-79,[17,44,50,42.26,1,-80],[21,-81]],4,1,4,4],[1,0,-242.8,0]],[22,"StartScene",[-82,-83,2],[23,[24,0.8,[2,0.2,0.5,0.8,0.520833125],[2,0.452588,0.607642,0.755699,0],[2,0.618555,0.577848,0.544564,0]],[25,[4,4283190348]],[26,true,55,56],[27],[28],[29]]],[2,"Label",512,33554432,3,[[6,-84],[7,"Portrait",26,26,1,false,2,-85,[4,4278190080]]]],[2,"Label",512,33554432,4,[[0,-86,[5,127.22,40]],[30,"Landscape",26,26,false,2,-87,[4,4278190080]]]],[2,"Label",512,33554432,5,[[6,-88],[7,"Device\nID",26,26,1,false,2,-89,[4,4278190080]]]],[2,"Label",512,33554432,6,[[6,-90],[7,"Bundle\nID",26,26,1,false,2,-91,[4,4278190080]]]],[2,"Label",512,33554432,7,[[6,-92],[7,"Device\nNAME",26,26,1,false,2,-93,[4,4278190080]]]],[2,"Label",512,33554432,8,[[6,-94],[7,"COPY",26,26,1,false,2,-95,[4,4278190080]]]],[2,"Label",512,33554432,9,[[6,-96],[7,"PASTE",26,26,1,false,2,-97,[4,4278190080]]]],[2,"Label",512,33554432,10,[[6,-98],[7,"SMS",26,26,1,false,2,-99,[4,4278190080]]]],[2,"Label",512,33554432,11,[[6,-100],[7,"Screen\nON",26,26,1,false,2,-101,[4,4278190080]]]],[2,"Label",512,33554432,12,[[6,-102],[7,"Create\nFile",26,26,1,false,2,-103,[4,4278190080]]]],[2,"Label",512,33554432,13,[[6,-104],[7,"Save\nImage",26,26,1,false,2,-105,[4,4278190080]]]],[11,"Main Light","c0y6F5f+pAvI805TdmxIjx",15,[[32,-106,[4,4293982975],[33]]],[3,-0.06397656665577071,-0.44608233363525845,-0.8239028751062036,-0.3436591377065261],[1,-117.894,-194.909,38.562]],[12,"Main Camera","c9DMICJLFO5IeO07EPon7U",15,[[34,14,1822425087,-107]],[1,-10,10,10],[3,-0.27781593346944056,-0.36497167621709875,-0.11507512748638377,0.8811195706053617],[1,-35,-45,0]],[14,"Camera",2,[-108],[1,0,0,1000]],[35,0,1073741824,357.07317073170736,2000,6,41943040,29,[4,4278190080]],[31,"STATUS HERE",0,36,36,3,14]],0,[0,0,1,0,0,1,0,0,1,0,9,31,0,0,1,0,-1,3,0,-2,4,0,-3,5,0,-4,6,0,-5,7,0,-6,8,0,-7,9,0,-8,10,0,-9,11,0,-10,12,0,-11,13,0,0,2,0,10,30,0,0,2,0,0,2,0,-1,29,0,-3,14,0,0,3,0,0,3,0,1,3,0,0,3,0,-1,16,0,0,4,0,0,4,0,1,4,0,0,4,0,-1,17,0,0,5,0,0,5,0,1,5,0,0,5,0,-1,18,0,0,6,0,0,6,0,1,6,0,0,6,0,-1,19,0,0,7,0,0,7,0,1,7,0,0,7,0,-1,20,0,0,8,0,0,8,0,1,8,0,0,8,0,-1,21,0,0,9,0,0,9,0,1,9,0,0,9,0,-1,22,0,0,10,0,0,10,0,1,10,0,0,10,0,-1,23,0,0,11,0,0,11,0,1,11,0,0,11,0,-1,24,0,0,12,0,0,12,0,1,12,0,0,12,0,-1,25,0,0,13,0,0,13,0,1,13,0,0,13,0,-1,26,0,0,14,0,-2,31,0,0,14,0,0,14,0,-1,27,0,-2,28,0,0,16,0,0,16,0,0,17,0,0,17,0,0,18,0,0,18,0,0,19,0,0,19,0,0,20,0,0,20,0,0,21,0,0,21,0,0,22,0,0,22,0,0,23,0,0,23,0,0,24,0,0,24,0,0,25,0,0,25,0,0,26,0,0,26,0,0,27,0,0,28,0,-1,30,0,11,15,1,8,2,2,8,15,108],[0,0,0,0,0,0,0,0,0,0,0,0,0,0,0,0,0,0,0,0,0,0,0,0,0,0,0,0,0,0,0,0,0,0,0,0,0,0,0,0,0,0,0,0,0,0,0,0,0,0,0,0,0,0,0,0,0],[2,3,4,5,6,2,3,4,5,6,2,3,4,5,6,2,3,4,5,6,2,3,4,5,6,2,3,4,5,6,2,3,4,5,6,2,3,4,5,6,2,3,4,5,6,2,3,4,5,6,2,3,4,5,6,12,13],[0,0,0,1,2,0,0,0,1,2,0,0,0,1,2,0,0,0,1,2,0,0,0,1,2,0,0,0,1,2,0,0,0,1,2,0,0,0,1,2,0,0,0,1,2,0,0,0,1,2,0,0,0,1,2,6,7]]]]
