[1,["20g1ukYUVPvKWKBRznAKo+@f9941","54TknWPwVPqJqeCR+Y/Czo@f9941","95EkngnxZFbYuFpsqVTaFr@f9941","bdG8q6vX1KcbFDmXyII4Pk@f9941","20g1ukYUVPvKWKBRznAKo+@6c48a","54TknWPwVPqJqeCR+Y/Czo@6c48a","95EkngnxZFbYuFpsqVTaFr@6c48a","bdG8q6vX1KcbFDmXyII4Pk@6c48a","d0MqyYBeFAkIi762QNy1/B@b47c0","6fAc9/gb9Kfr1dCvwZaWSA@b47c0"],["node","_spriteFrame","_target","_normalSprite","_hoverSprite","_pressedSprite","_disabledSprite","_textureSource","_cameraComponent","label","_placeholderLabel","_textLabel","scene","_parent","_backgroundImage","_envmapHDR","_envmapLDR"],["cc.ImageAsset",["cc.Node",["_name","_layer","_id","_active","_objFlags","_components","_parent","_children","_lpos","_lrot","_euler"],-2,9,1,2,5,5,5],["cc.Label",["_string","_actualFontSize","_fontSize","_overflow","_enableWrapText","_cacheMode","_horizontalAlign","_lineHeight","_verticalAlign","node","_color"],-6,1,5],"cc.SpriteFrame",["cc.UITransform",["node","_contentSize","_anchorPoint"],3,1,5,5],["cc.Widget",["_alignFlags","_left","_right","_bottom","_originalWidth","_alignMode","node"],-3,1],"cc.TextureCube",["cc.Node",["_name","_layer","_active","_parent","_components","_lpos"],0,1,12,5],["cc.Camera",["_clearFlags","_visibility","_projection","_priority","_orthoHeight","_far","node","_color"],-3,1,5],["cc.SceneAsset",["_name"],2],["cc.Node",["_name","_parent","_components","_lpos"],2,1,2,5],["cc.Canvas",["node","_cameraComponent"],3,1,1],["6a073rHNKhEMJEySU9d017q",["node","label"],3,1,1],["cc.Layout",["_resizeMode","_layoutType","_spacingX","_spacingY","node","_cellSize"],-1,1,5],["cc.Sprite",["_type","_sizeMode","node","_spriteFrame"],1,1,6],["cc.EditBox",["_inputMode","_maxLength","node","_textLabel","_placeholderLabel","_backgroundImage"],1,1,1,1,6],["cc.Button",["_transition","node","clickEvents","_normalColor","_target","_normalSprite","_hoverSprite","_pressedSprite","_disabledSprite"],2,1,9,5,1,6,6,6,6],["cc.ClickEvent",["_componentId","handler","target"],1,1],["cc.LabelOutline",["node"],3,1],["cc.Scene",["_name","_children","_globals"],2,2,4],["cc.SceneGlobals",["ambient","shadows","_skybox","fog","octree","lightProbeInfo"],3,4,4,4,4,4,4],["cc.AmbientInfo",["_skyIllumLDR","_skyColorHDR","_skyColorLDR","_groundAlbedoLDR"],2,5,5,5],["cc.ShadowsInfo",["_shadowColor"],3,5],["cc.SkyboxInfo",["_enabled","_envmapHDR","_envmapLDR"],2,6,6],["cc.FogInfo",[],3],["cc.OctreeInfo",[],3],["cc.LightProbeInfo",[],3],["cc.DirectionalLight",["node","_color","_staticSettings"],3,1,5,4],["cc.StaticLightSettings",[],3]],[[4,0,1,1],[14,0,1,2,3,3],[1,0,4,1,6,5,4],[16,0,1,2,3,4,5,6,7,8,2],[17,0,1,2,3],[1,0,1,6,7,5,8,3],[4,0,1],[2,0,1,2,3,4,5,9,10,7],[1,0,3,1,6,7,5,8,4],[7,0,1,3,4,5,3],[4,0,1,2,1],[9,0,2],[1,0,1,2,7,5,8,4],[1,0,1,6,7,5,3],[1,0,2,6,5,9,10,3],[1,0,2,6,5,8,9,10,3],[7,0,2,1,3,4,5,4],[10,0,1,2,3,2],[11,0,1,1],[5,0,1,2,6,4],[5,6,1],[5,0,3,4,5,6,5],[12,0,1,1],[13,0,1,2,3,4,5,5],[15,0,1,2,3,4,5,3],[18,0,1],[19,0,1,2,2],[20,0,1,2,3,4,5,1],[21,0,1,2,3,2],[22,0,1],[23,0,1,2,2],[24,1],[25,1],[26,1],[2,0,1,2,4,5,9,10,6],[2,0,6,1,2,3,4,9,7],[2,0,6,1,2,7,3,4,9,10,8],[2,0,8,1,2,3,9,6],[27,0,1,2,1],[28,1],[8,0,1,6,3],[8,2,3,4,5,0,1,6,7,7]],[[[{"name":"default_btn_normal","rect":{"x":0,"y":0,"width":40,"height":40},"offset":{"x":0,"y":0},"originalSize":{"width":40,"height":40},"rotated":false,"capInsets":[12,12,12,12],"vertices":{"rawPosition":[-20,-20,0,20,-20,0,-20,20,0,20,20,0],"indexes":[0,1,2,2,1,3],"uv":[0,40,40,40,0,0,40,0],"nuv":[0,0,1,0,0,1,1,1],"minPos":{"x":-20,"y":-20,"z":0},"maxPos":{"x":20,"y":20,"z":0}},"packable":true,"pixelsToUnit":100,"pivot":{"x":0.5,"y":0.5},"meshType":0}],[3],0,[0],[7],[4]],[[{"name":"default_btn_pressed","rect":{"x":0,"y":0,"width":40,"height":40},"offset":{"x":0,"y":0},"originalSize":{"width":40,"height":40},"rotated":false,"capInsets":[12,12,12,12],"vertices":{"rawPosition":[-20,-20,0,20,-20,0,-20,20,0,20,20,0],"indexes":[0,1,2,2,1,3],"uv":[0,40,40,40,0,0,40,0],"nuv":[0,0,1,0,0,1,1,1],"minPos":{"x":-20,"y":-20,"z":0},"maxPos":{"x":20,"y":20,"z":0}},"packable":true,"pixelsToUnit":100,"pivot":{"x":0.5,"y":0.5},"meshType":0}],[3],0,[0],[7],[5]],[[{"base":"2,2,0,0,2,0","rgbe":false,"mipmaps":[{"front":"6fAc9/gb9Kfr1dCvwZaWSA@b47c0@e9a6d","back":"6fAc9/gb9Kfr1dCvwZaWSA@b47c0@40c10","left":"6fAc9/gb9Kfr1dCvwZaWSA@b47c0@8fd34","right":"6fAc9/gb9Kfr1dCvwZaWSA@b47c0@74afd","top":"6fAc9/gb9Kfr1dCvwZaWSA@b47c0@bb97f","bottom":"6fAc9/gb9Kfr1dCvwZaWSA@b47c0@7d38f"}]}],[6],0,[],[],[]],[[{"fmt":"0","w":0,"h":0},-1],[0],0,[],[],[]],[[{"fmt":"0","w":0,"h":0},-1],[0],0,[],[],[]],[[{"fmt":"0","w":0,"h":0},-1],[0],0,[],[],[]],[[{"fmt":"0","w":0,"h":0},-1],[0],0,[],[],[]],[[{"fmt":"0","w":0,"h":0},-1],[0],0,[],[],[]],[[{"fmt":"0","w":0,"h":0},-1],[0],0,[],[],[]],[[{"name":"default_btn_disabled","rect":{"x":0,"y":0,"width":40,"height":40},"offset":{"x":0,"y":0},"originalSize":{"width":40,"height":40},"rotated":false,"capInsets":[12,12,12,12],"vertices":{"rawPosition":[-20,-20,0,20,-20,0,-20,20,0,20,20,0],"indexes":[0,1,2,2,1,3],"uv":[0,40,40,40,0,0,40,0],"nuv":[0,0,1,0,0,1,1,1],"minPos":{"x":-20,"y":-20,"z":0},"maxPos":{"x":20,"y":20,"z":0}},"packable":true,"pixelsToUnit":100,"pivot":{"x":0.5,"y":0.5},"meshType":0}],[3],0,[0],[7],[6]],[[{"name":"default_editbox_bg","rect":{"x":0,"y":0,"width":40,"height":40},"offset":{"x":0,"y":0},"originalSize":{"width":40,"height":40},"rotated":false,"capInsets":[12,12,12,12],"vertices":{"rawPosition":[-20,-20,0,20,-20,0,-20,20,0,20,20,0],"indexes":[0,1,2,2,1,3],"uv":[0,40,40,40,0,0,40,0],"nuv":[0,0,1,0,0,1,1,1],"minPos":{"x":-20,"y":-20,"z":0},"maxPos":{"x":20,"y":20,"z":0}},"packable":true,"pixelsToUnit":100,"pivot":{"x":0.5,"y":0.5},"meshType":0}],[3],0,[0],[7],[7]],[[{"base":"2,2,0,0,2,0","rgbe":true,"mipmaps":[{"front":"d0MqyYBeFAkIi762QNy1/B@b47c0@e9a6d","back":"d0MqyYBeFAkIi762QNy1/B@b47c0@40c10","left":"d0MqyYBeFAkIi762QNy1/B@b47c0@8fd34","right":"d0MqyYBeFAkIi762QNy1/B@b47c0@74afd","top":"d0MqyYBeFAkIi762QNy1/B@b47c0@bb97f","bottom":"d0MqyYBeFAkIi762QNy1/B@b47c0@7d38f"}]}],[6],0,[],[],[]],[[{"fmt":"0","w":0,"h":0},-1],[0],0,[],[],[]],[[{"fmt":"0","w":0,"h":0},-1],[0],0,[],[],[]],[[{"fmt":"0","w":0,"h":0},-1],[0],0,[],[],[]],[[{"fmt":"0","w":0,"h":0},-1],[0],0,[],[],[]],[[{"fmt":"0","w":0,"h":0},-1],[0],0,[],[],[]],[[{"fmt":"0","w":0,"h":0},-1],[0],0,[],[],[]],[[[11,"StartScene"],[12,"Canvas",33554432,"61deg31f9HfKtU9vlz7aWk",[-7,-8,-9,-10],[[0,-1,[5,960,640]],[18,-3,-2],[19,45,-5.684341886080802e-14,-5.684341886080802e-14,-4],[22,-6,-5]],[1,479.99999999999994,320,0]],[13,"Controls",33554432,1,[-14,-15,-16,-17,-18,-19,-20,-21,-22,-23,-24,-25],[[0,-11,[5,650,650]],[20,-12],[23,2,3,10,10,-13,[5,150,150]]]],[5,"EditBox",33554432,1,[-31,-32],[[0,-26,[5,800,80]],[1,1,0,-27,0],[24,6,8,-30,-29,-28,1]],[1,0,-206.589,0]],[5,"btnPortrait",33554432,2,[-37],[[0,-33,[5,150,150]],[1,1,0,-34,2],[3,2,-36,[[4,"6a073rHNKhEMJEySU9d017q","testPortrait",1]],[4,4292269782],-35,3,4,5,6]],[1,-250,250,0]],[5,"btnLandscape",33554432,2,[-42],[[0,-38,[5,150,150]],[1,1,0,-39,7],[3,2,-41,[[4,"6a073rHNKhEMJEySU9d017q","testLandscape",1]],[4,4292269782],-40,8,9,10,11]],[1,-90,250,0]],[5,"btnID",33554432,2,[-47],[[0,-43,[5,150,150]],[1,1,0,-44,12],[3,2,-46,[[4,"6a073rHNKhEMJEySU9d017q","testGetId",1]],[4,4292269782],-45,13,14,15,16]],[1,70,250,0]],[5,"btnBundle",33554432,2,[-52],[[0,-48,[5,150,150]],[1,1,0,-49,17],[3,2,-51,[[4,"6a073rHNKhEMJEySU9d017q","testGetBundleId",1]],[4,4292269782],-50,18,19,20,21]],[1,230,250,0]],[5,"btnDeviceName",33554432,2,[-57],[[0,-53,[5,150,150]],[1,1,0,-54,22],[3,2,-56,[[4,"6a073rHNKhEMJEySU9d017q","testGetDeviceName",1]],[4,4292269782],-55,23,24,25,26]],[1,-250,90,0]],[5,"btnSetClipboard",33554432,2,[-62],[[0,-58,[5,150,150]],[1,1,0,-59,27],[3,2,-61,[[4,"6a073rHNKhEMJEySU9d017q","testSetClipboard",1]],[4,4292269782],-60,28,29,30,31]],[1,-90,90,0]],[5,"btnGetClipboard",33554432,2,[-67],[[0,-63,[5,150,150]],[1,1,0,-64,32],[3,2,-66,[[4,"6a073rHNKhEMJEySU9d017q","testGetClipboard",1]],[4,4292269782],-65,33,34,35,36]],[1,70,90,0]],[8,"btnSMS",false,33554432,2,[-72],[[0,-68,[5,150,150]],[1,1,0,-69,37],[3,2,-71,[[4,"6a073rHNKhEMJEySU9d017q","testSMS",1]],[4,4292269782],-70,38,39,40,41]],[1,230,90,0]],[5,"btnOpenURL",33554432,2,[-77],[[0,-73,[5,150,150]],[1,1,0,-74,42],[3,2,-76,[[4,"6a073rHNKhEMJEySU9d017q","testOpenURL",1]],[4,4292269782],-75,43,44,45,46]],[1,230,90,0]],[5,"btnScreenOn",33554432,2,[-82],[[0,-78,[5,150,150]],[1,1,0,-79,47],[3,2,-81,[[4,"6a073rHNKhEMJEySU9d017q","testKeepScreenOn",1]],[4,4292269782],-80,48,49,50,51]],[1,-250,-70,0]],[5,"btnCreateFile",33554432,2,[-87],[[0,-83,[5,150,150]],[1,1,0,-84,52],[3,2,-86,[[4,"6a073rHNKhEMJEySU9d017q","testCreateFile",1]],[4,4292269782],-85,53,54,55,56]],[1,-90,-70,0]],[8,"btnSaveImage",false,33554432,2,[-92],[[0,-88,[5,150,150]],[1,1,0,-89,57],[3,2,-91,[[4,"6a073rHNKhEMJEySU9d017q","testSaveImage",1]],[4,4292269782],-90,58,59,60,61]],[1,70,-70,0]],[9,"Label",33554432,1,[[[0,-93,[5,960,54.4]],-94,[21,44,50,42.26,1,-95],[25,-96]],4,1,4,4],[1,0,-242.8,0]],[26,"StartScene",[-97,-98,1],[27,[28,0.8,[2,0.2,0.5,0.8,0.520833125],[2,0.452588,0.607642,0.755699,0],[2,0.618555,0.577848,0.544564,0]],[29,[4,4283190348]],[30,true,62,63],[31],[32],[33]]],[16,"TEXT_LABEL",false,33554432,3,[[[10,-99,[5,798,80],[0,0,1]],-100],4,1],[1,-398,40,0]],[9,"PLACEHOLDER_LABEL",33554432,3,[[[10,-101,[5,798,80],[0,0,1]],-102],4,1],[1,-398,40,0]],[2,"Label",512,33554432,4,[[6,-103],[7,"Portrait",26,26,1,false,2,-104,[4,4278190080]]]],[2,"Label",512,33554432,5,[[0,-105,[5,127.22,40]],[34,"Landscape",26,26,false,2,-106,[4,4278190080]]]],[2,"Label",512,33554432,6,[[6,-107],[7,"Device\nID",26,26,1,false,2,-108,[4,4278190080]]]],[2,"Label",512,33554432,7,[[6,-109],[7,"Bundle\nID",26,26,1,false,2,-110,[4,4278190080]]]],[2,"Label",512,33554432,8,[[6,-111],[7,"Device\nNAME",26,26,1,false,2,-112,[4,4278190080]]]],[2,"Label",512,33554432,9,[[6,-113],[7,"COPY",26,26,1,false,2,-114,[4,4278190080]]]],[2,"Label",512,33554432,10,[[6,-115],[7,"PASTE",26,26,1,false,2,-116,[4,4278190080]]]],[2,"Label",512,33554432,11,[[6,-117],[7,"SMS",26,26,1,false,2,-118,[4,4278190080]]]],[2,"Label",512,33554432,12,[[6,-119],[7,"SMS",26,26,1,false,2,-120,[4,4278190080]]]],[2,"Label",512,33554432,13,[[6,-121],[7,"Screen\nON",26,26,1,false,2,-122,[4,4278190080]]]],[2,"Label",512,33554432,14,[[6,-123],[7,"Create\nFile",26,26,1,false,2,-124,[4,4278190080]]]],[2,"Label",512,33554432,15,[[6,-125],[7,"Save\nImage",26,26,1,false,2,-126,[4,4278190080]]]],[14,"Main Light","c0y6F5f+pAvI805TdmxIjx",17,[[38,-127,[4,4293982975],[39]]],[3,-0.06397656665577071,-0.44608233363525845,-0.8239028751062036,-0.3436591377065261],[1,-117.894,-194.909,38.562]],[15,"Main Camera","c9DMICJLFO5IeO07EPon7U",17,[[40,14,1822425087,-128]],[1,-10,10,10],[3,-0.27781593346944056,-0.36497167621709875,-0.11507512748638377,0.8811195706053617],[1,-35,-45,0]],[17,"Camera",1,[-129],[1,0,0,1000]],[41,0,1073741824,320,2000,6,41943040,34,[4,4278190080]],[35,"",0,40,20,1,false,18],[36,"Enter text here...",0,20,20,80,1,false,19,[4,4290493371]],[37,"1",0,36,36,3,16]],0,[0,0,1,0,8,35,0,0,1,0,0,1,0,9,38,0,0,1,0,-1,34,0,-2,3,0,-3,2,0,-4,16,0,0,2,0,0,2,0,0,2,0,-1,4,0,-2,5,0,-3,6,0,-4,7,0,-5,8,0,-6,9,0,-7,10,0,-8,11,0,-9,12,0,-10,13,0,-11,14,0,-12,15,0,0,3,0,0,3,0,10,37,0,11,36,0,0,3,0,-1,18,0,-2,19,0,0,4,0,0,4,0,2,4,0,0,4,0,-1,20,0,0,5,0,0,5,0,2,5,0,0,5,0,-1,21,0,0,6,0,0,6,0,2,6,0,0,6,0,-1,22,0,0,7,0,0,7,0,2,7,0,0,7,0,-1,23,0,0,8,0,0,8,0,2,8,0,0,8,0,-1,24,0,0,9,0,0,9,0,2,9,0,0,9,0,-1,25,0,0,10,0,0,10,0,2,10,0,0,10,0,-1,26,0,0,11,0,0,11,0,2,11,0,0,11,0,-1,27,0,0,12,0,0,12,0,2,12,0,0,12,0,-1,28,0,0,13,0,0,13,0,2,13,0,0,13,0,-1,29,0,0,14,0,0,14,0,2,14,0,0,14,0,-1,30,0,0,15,0,0,15,0,2,15,0,0,15,0,-1,31,0,0,16,0,-2,38,0,0,16,0,0,16,0,-1,32,0,-2,33,0,0,18,0,-2,36,0,0,19,0,-2,37,0,0,20,0,0,20,0,0,21,0,0,21,0,0,22,0,0,22,0,0,23,0,0,23,0,0,24,0,0,24,0,0,25,0,0,25,0,0,26,0,0,26,0,0,27,0,0,27,0,0,28,0,0,28,0,0,29,0,0,29,0,0,30,0,0,30,0,0,31,0,0,31,0,0,32,0,0,33,0,-1,35,0,12,17,1,13,17,129],[0,0,0,0,0,0,0,0,0,0,0,0,0,0,0,0,0,0,0,0,0,0,0,0,0,0,0,0,0,0,0,0,0,0,0,0,0,0,0,0,0,0,0,0,0,0,0,0,0,0,0,0,0,0,0,0,0,0,0,0,0,0,0,0],[1,14,1,3,4,5,6,1,3,4,5,6,1,3,4,5,6,1,3,4,5,6,1,3,4,5,6,1,3,4,5,6,1,3,4,5,6,1,3,4,5,6,1,3,4,5,6,1,3,4,5,6,1,3,4,5,6,1,3,4,5,6,15,16],[3,3,0,0,0,1,2,0,0,0,1,2,0,0,0,1,2,0,0,0,1,2,0,0,0,1,2,0,0,0,1,2,0,0,0,1,2,0,0,0,1,2,0,0,0,1,2,0,0,0,1,2,0,0,0,1,2,0,0,0,1,2,8,9]]]]
