{"remoteManifestUrl":"https://raw.githubusercontent.com/devian68/intertest/a/c3/1.0.0/android/project.manifest","remoteVersionUrl":"https://raw.githubusercontent.com/devian68/intertest/a/c3/1.0.0/android/version.manifest","version":"1.0.0","brand":"intertest3","fullZipManifestUrl":"https://raw.githubusercontent.com/devian68/intertest/a/c3/1.0.0/android/full_zip_project.manifest","fullZipVersionUrl":"https://raw.githubusercontent.com/devian68/intertest/a/c3/1.0.0/android/full_zip_version.manifest"}