{"packageUrl":"https://raw.githubusercontent.com/devian68/intertest/a/c2/1.0.0","remoteManifestUrl":"https://raw.githubusercontent.com/devian68/intertest/a/c2/1.0.0/project.manifest","remoteVersionUrl":"https://raw.githubusercontent.com/devian68/intertest/a/c2/1.0.0/version.manifest","version":"1.0.0","fullZipManifestUrl":"https://raw.githubusercontent.com/devian68/intertest/a/c2/1.0.0/full_zip_project.manifest","fullZipVersionUrl":"https://raw.githubusercontent.com/devian68/intertest/a/c2/1.0.0/full_zip_version.manifest"}