[1,["20g1ukYUVPvKWKBRznAKo+@f9941","20g1ukYUVPvKWKBRznAKo+@6c48a","54TknWPwVPqJqeCR+Y/Czo@6c48a","95EkngnxZFbYuFpsqVTaFr@6c48a","54TknWPwVPqJqeCR+Y/Czo@f9941","95EkngnxZFbYuFpsqVTaFr@f9941"],["node","_textureSource","_parent","_cameraComponent","_target","target","lbFc","scene","_spriteFrame","_normalSprite","_hoverSprite","_pressedSprite","_disabledSprite"],[["cc.Node",["_name","_layer","_id","_objFlags","_components","_children","_parent","_lpos"],-1,9,2,1,5],"cc.SpriteFrame",["cc.UITransform",["node","_contentSize"],3,1,5],["cc.Label",["_actualFontSize","_fontSize","_string","_overflow","_enableWrapText","node","_color"],-2,1,5],["cc.SceneAsset",["_name"],2],["cc.Node",["_name","_layer","_parent","_components"],1,1,12],["cc.Node",["_name","_parent","_components","_lpos"],2,1,2,5],["cc.Canvas",["node","_cameraComponent"],3,1,1],["cc.Widget",["_alignFlags","_top","_bottom","node"],0,1],["cc.Sprite",["_type","_sizeMode","node","_spriteFrame"],1,1,6],["cc.Button",["_transition","node","clickEvents","_normalColor","_target","_normalSprite","_hoverSprite","_pressedSprite","_disabledSprite"],2,1,9,5,1,6,6,6,6],["cc.ClickEvent",["_componentId","handler","target"],1,1],["cc.Layout",["_resizeMode","_layoutType","_spacingX","_spacingY","node","_cellSize"],-1,1,5],["b2b49ISEwxJybZUevzxG1yU",["node","lbFc"],3,1,1],["cc.Scene",["_name","_children","_globals"],2,2,4],["cc.SceneGlobals",["ambient","shadows","_skybox","fog","octree","lightProbeInfo"],3,4,4,4,4,4,4],["cc.AmbientInfo",["_skyColorHDR","_groundAlbedoHDR"],3,5,5],["cc.ShadowsInfo",["_shadowColor","_size"],3,5,5],["cc.SkyboxInfo",[],3],["cc.FogInfo",[],3],["cc.OctreeInfo",[],3],["cc.LightProbeInfo",[],3],["cc.Camera",["_projection","_orthoHeight","_near","_visibility","node","_color"],-1,1,5]],[[2,0,1,1],[2,0,1],[4,0,2],[0,0,1,2,5,4,7,4],[0,0,1,5,4,3],[0,0,1,6,5,4,3],[0,0,1,6,4,3],[0,0,3,1,6,4,4],[5,0,1,2,3,3],[6,0,1,2,3,2],[7,0,1,1],[8,0,1,2,3,4],[9,0,1,2,3,3],[10,0,1,2,3,4,5,6,7,8,2],[11,0,1,2,3],[12,0,1,2,3,4,5,5],[13,0,1,1],[3,2,0,1,3,4,5,6,6],[3,0,1,5,3],[14,0,1,2,2],[15,0,1,2,3,4,5,1],[16,0,1,1],[17,0,1,1],[18,1],[19,1],[20,1],[21,1],[22,0,1,2,3,4,5,5]],[[[{"name":"default_btn_normal","rect":{"x":0,"y":0,"width":40,"height":40},"offset":{"x":0,"y":0},"originalSize":{"width":40,"height":40},"rotated":false,"capInsets":[12,12,12,12],"vertices":{"rawPosition":[-20,-20,0,20,-20,0,-20,20,0,20,20,0],"indexes":[0,1,2,2,1,3],"uv":[0,40,40,40,0,0,40,0],"nuv":[0,0,1,0,0,1,1,1],"minPos":{"x":-20,"y":-20,"z":0},"maxPos":{"x":20,"y":20,"z":0}},"packable":true,"pixelsToUnit":100,"pivot":{"x":0.5,"y":0.5},"meshType":0}],[1],0,[0],[1],[1]],[[{"name":"default_btn_pressed","rect":{"x":0,"y":0,"width":40,"height":40},"offset":{"x":0,"y":0},"originalSize":{"width":40,"height":40},"rotated":false,"capInsets":[12,12,12,12],"vertices":{"rawPosition":[-20,-20,0,20,-20,0,-20,20,0,20,20,0],"indexes":[0,1,2,2,1,3],"uv":[0,40,40,40,0,0,40,0],"nuv":[0,0,1,0,0,1,1,1],"minPos":{"x":-20,"y":-20,"z":0},"maxPos":{"x":20,"y":20,"z":0}},"packable":true,"pixelsToUnit":100,"pivot":{"x":0.5,"y":0.5},"meshType":0}],[1],0,[0],[1],[2]],[[{"name":"default_btn_disabled","rect":{"x":0,"y":0,"width":40,"height":40},"offset":{"x":0,"y":0},"originalSize":{"width":40,"height":40},"rotated":false,"capInsets":[12,12,12,12],"vertices":{"rawPosition":[-20,-20,0,20,-20,0,-20,20,0,20,20,0],"indexes":[0,1,2,2,1,3],"uv":[0,40,40,40,0,0,40,0],"nuv":[0,0,1,0,0,1,1,1],"minPos":{"x":-20,"y":-20,"z":0},"maxPos":{"x":20,"y":20,"z":0}},"packable":true,"pixelsToUnit":100,"pivot":{"x":0.5,"y":0.5},"meshType":0}],[1],0,[0],[1],[3]],[[[2,"scene"],[3,"Canvas",33554432,"beI88Z2HpFELqR4T5EMHpg",[-5,-6,-7,-8],[[0,-1,[5,960,640]],[10,-3,-2],[11,45,5.684341886080802e-14,5.684341886080802e-14,-4]],[1,480,320.00000000000006,0]],[4,"Button",33554432,[-14],[[1,-9],[12,1,0,-10,0],[13,2,-13,[[14,"b2b49ISEwxJybZUevzxG1yU","testGetId",-12]],[4,4292269782],-11,1,2,3,4]]],[5,"Layout",33554432,1,[2],[[1,-15],[15,2,3,5,5,-16,[5,100,100]]]],[6,"Node",33554432,1,[[1,-17],[16,-19,-18]]],[7,"Label",512,33554432,2,[[0,-20,[5,100,50.4]],[17,"rotate",22,22,3,false,-21,[4,4278190080]]]],[8,"Label",33554432,1,[[[0,-22,[5,42.26,50.4]],-23],4,1]],[19,"scene",[1],[20,[21,[2,0,0,0,0.520833125],[2,0,0,0,0]],[22,[4,4283190348],[0,512,512]],[23],[24],[25],[26]]],[9,"Camera",1,[-24],[1,0,0,1000]],[27,0,348.02660753880264,0,1108344832,8,[4,4278190080]],[18,20,20,6]],0,[0,0,1,0,3,9,0,0,1,0,0,1,0,-1,8,0,-2,3,0,-3,6,0,-4,4,0,0,2,0,0,2,0,4,2,0,5,4,0,0,2,0,-1,5,0,0,3,0,0,3,0,0,4,0,6,10,0,0,4,0,0,5,0,0,5,0,0,6,0,-2,10,0,-1,9,0,7,7,1,2,7,2,2,3,24],[0,0,0,0,0],[8,9,10,11,12],[0,0,0,4,5]]]]
