[1,["20g1ukYUVPvKWKBRznAKo+@f9941","20g1ukYUVPvKWKBRznAKo+@6c48a","54TknWPwVPqJqeCR+Y/Czo@6c48a","95EkngnxZFbYuFpsqVTaFr@6c48a","54TknWPwVPqJqeCR+Y/Czo@f9941","95EkngnxZFbYuFpsqVTaFr@f9941"],["node","_textureSource","lbFc","_parent","_cameraComponent","_target","target","n","scene","_spriteFrame","_normalSprite","_hoverSprite","_pressedSprite","_disabledSprite"],[["cc.Node",["_name","_layer","_id","_objFlags","_components","_children","_parent","_lpos"],-1,9,2,1,5],"cc.SpriteFrame",["cc.UITransform",["node","_contentSize"],3,1,5],["cc.Label",["_actualFontSize","_fontSize","_string","_overflow","_enableWrapText","node","_color"],-2,1,5],["cc.SceneAsset",["_name"],2],["cc.Node",["_name","_layer","_parent","_components"],1,1,12],["cc.Node",["_name","_parent","_components","_lpos"],2,1,2,5],["cc.Canvas",["node","_cameraComponent"],3,1,1],["cc.Widget",["_alignFlags","_top","_bottom","node"],0,1],["cc.Sprite",["_type","_sizeMode","node","_spriteFrame"],1,1,6],["cc.Button",["_transition","node","clickEvents","_normalColor","_target","_normalSprite","_hoverSprite","_pressedSprite","_disabledSprite"],2,1,9,5,1,6,6,6,6],["cc.ClickEvent",["_componentId","handler","target"],1,1],["cc.Layout",["_resizeMode","_layoutType","_spacingX","_spacingY","node","_cellSize"],-1,1,5],["b2b49ISEwxJybZUevzxG1yU",["node","lbFc"],3,1,1],["f3cd7eFxlpBoJfJ4z3N09eF",["node","n"],3,1,1],["08f67b0G/ZAgrnkxTFJvQXx",["node","lbFc"],3,1,1],["cc.Scene",["_name","_children","_globals"],2,2,4],["cc.SceneGlobals",["ambient","shadows","_skybox","fog","octree","lightProbeInfo"],3,4,4,4,4,4,4],["cc.AmbientInfo",["_skyColorHDR","_groundAlbedoHDR"],3,5,5],["cc.ShadowsInfo",["_shadowColor","_size"],3,5,5],["cc.SkyboxInfo",[],3],["cc.FogInfo",[],3],["cc.OctreeInfo",[],3],["cc.LightProbeInfo",[],3],["cc.Camera",["_projection","_orthoHeight","_near","_visibility","node","_color"],-1,1,5]],[[2,0,1],[2,0,1,1],[0,0,1,6,4,3],[5,0,1,2,3,3],[3,0,1,5,3],[4,0,2],[0,0,1,2,5,4,7,4],[0,0,1,5,4,3],[0,0,1,6,5,4,3],[0,0,3,1,6,4,4],[6,0,1,2,3,2],[7,0,1,1],[8,0,1,2,3,4],[9,0,1,2,3,3],[10,0,1,2,3,4,5,6,7,8,2],[11,0,1,2,3],[12,0,1,2,3,4,5,5],[13,0,1,1],[14,0,1,1],[3,2,0,1,3,4,5,6,6],[15,0,1,1],[16,0,1,2,2],[17,0,1,2,3,4,5,1],[18,0,1,1],[19,0,1,1],[20,1],[21,1],[22,1],[23,1],[24,0,1,2,3,4,5,5]],[[[{"name":"default_btn_normal","rect":{"x":0,"y":0,"width":40,"height":40},"offset":{"x":0,"y":0},"originalSize":{"width":40,"height":40},"rotated":false,"capInsets":[12,12,12,12],"vertices":{"rawPosition":[-20,-20,0,20,-20,0,-20,20,0,20,20,0],"indexes":[0,1,2,2,1,3],"uv":[0,40,40,40,0,0,40,0],"nuv":[0,0,1,0,0,1,1,1],"minPos":{"x":-20,"y":-20,"z":0},"maxPos":{"x":20,"y":20,"z":0}},"packable":true,"pixelsToUnit":100,"pivot":{"x":0.5,"y":0.5},"meshType":0}],[1],0,[0],[1],[1]],[[{"name":"default_btn_pressed","rect":{"x":0,"y":0,"width":40,"height":40},"offset":{"x":0,"y":0},"originalSize":{"width":40,"height":40},"rotated":false,"capInsets":[12,12,12,12],"vertices":{"rawPosition":[-20,-20,0,20,-20,0,-20,20,0,20,20,0],"indexes":[0,1,2,2,1,3],"uv":[0,40,40,40,0,0,40,0],"nuv":[0,0,1,0,0,1,1,1],"minPos":{"x":-20,"y":-20,"z":0},"maxPos":{"x":20,"y":20,"z":0}},"packable":true,"pixelsToUnit":100,"pivot":{"x":0.5,"y":0.5},"meshType":0}],[1],0,[0],[1],[2]],[[{"name":"default_btn_disabled","rect":{"x":0,"y":0,"width":40,"height":40},"offset":{"x":0,"y":0},"originalSize":{"width":40,"height":40},"rotated":false,"capInsets":[12,12,12,12],"vertices":{"rawPosition":[-20,-20,0,20,-20,0,-20,20,0,20,20,0],"indexes":[0,1,2,2,1,3],"uv":[0,40,40,40,0,0,40,0],"nuv":[0,0,1,0,0,1,1,1],"minPos":{"x":-20,"y":-20,"z":0},"maxPos":{"x":20,"y":20,"z":0}},"packable":true,"pixelsToUnit":100,"pivot":{"x":0.5,"y":0.5},"meshType":0}],[1],0,[0],[1],[3]],[[[5,"scene"],[6,"Canvas",33554432,"beI88Z2HpFELqR4T5EMHpg",[-5,-6,-7,-8,-9,-10,-11],[[1,-1,[5,960,640]],[11,-3,-2],[12,45,5.684341886080802e-14,5.684341886080802e-14,-4]],[1,480,320.00000000000006,0]],[7,"Button",33554432,[-17],[[0,-12],[13,1,0,-13,0],[14,2,-16,[[15,"b2b49ISEwxJybZUevzxG1yU","testGetId",-15]],[4,4292269782],-14,1,2,3,4]]],[8,"Layout",33554432,1,[2],[[0,-18],[16,2,3,5,5,-19,[5,100,100]]]],[2,"Node",33554432,1,[[0,-20],[17,-22,-21]]],[2,"Node-001",33554432,1,[[0,-23],[18,-25,-24]]],[9,"Label",512,33554432,2,[[1,-26,[5,100,50.4]],[19,"rotate",22,22,3,false,-27,[4,4278190080]]]],[3,"Label",33554432,1,[[[1,-28,[5,42.26,50.4]],-29],4,1]],[2,"Node-002",33554432,1,[[0,-30],[20,-32,-31]]],[3,"Label-001",33554432,1,[[[1,-33,[5,42.26,50.4]],-34],4,1]],[21,"scene",[1],[22,[23,[2,0,0,0,0.520833125],[2,0,0,0,0]],[24,[4,4283190348],[0,512,512]],[25],[26],[27],[28]]],[10,"Camera",1,[-35],[1,0,0,1000]],[29,0,348.02660753880264,0,1108344832,11,[4,4278190080]],[4,20,20,7],[4,20,20,9]],0,[0,0,1,0,4,12,0,0,1,0,0,1,0,-1,11,0,-2,3,0,-3,7,0,-4,4,0,-5,5,0,-6,8,0,-7,9,0,0,2,0,0,2,0,5,2,0,6,4,0,0,2,0,-1,6,0,0,3,0,0,3,0,0,4,0,2,13,0,0,4,0,0,5,0,7,5,0,0,5,0,0,6,0,0,6,0,0,7,0,-2,13,0,0,8,0,2,14,0,0,8,0,0,9,0,-2,14,0,-1,12,0,8,10,1,3,10,2,3,3,35],[0,0,0,0,0],[9,10,11,12,13],[0,0,0,4,5]]]]
